"Libellé";"Indice CVS-CJO de la production industrielle (base 100 en 2021) - Fabrication d'armes et de munitions (NAF rév. 2, niveau groupe, poste 25.4)";"Codes";"Indice CVS-CJO de la production industrielle (base 100 en 2021) - Fabrication d'armes et de munitions (NAF rév. 2, niveau groupe, poste 25.4)";"Codes";"Indice CVS-CJO de la production industrielle (base 100 en 2021) - Fabrication d'armes et de munitions (NAF rév. 2, niveau groupe, poste 25.4)";"Codes";"Indice CVS-CJO de la production industrielle (base 100 en 2021) - Fabrication d'armes et de munitions (NAF rév. 2, niveau groupe, poste 25.4)";"Codes";"Indice CVS-CJO de la production industrielle (base 100 en 2021) - Fabrication d'armes et de munitions (NAF rév. 2, niveau groupe, poste 25.4)";"Codes";"Indice CVS-CJO de la production industrielle (base 100 en 2021) - Fabrication d'armes et de munitions (NAF rév. 2, niveau groupe, poste 25.4)";"Codes";"Indice CVS-CJO de la production industrielle (base 100 en 2021) - Fabrication d'armes et de munitions (NAF rév. 2, niveau groupe, poste 25.4)";"Codes";"Indice CVS-CJO de la production industrielle (base 100 en 2021) - Fabrication d'armes et de munitions (NAF rév. 2, niveau groupe, poste 25.4)";"Codes";"Indice CVS-CJO de la production industrielle (base 100 en 2021) - Fabrication d'armes et de munitions (NAF rév. 2, niveau groupe, poste 25.4)";"Codes";"Indice CVS-CJO de la production industrielle (base 100 en 2021) - Fabrication d'armes et de munitions (NAF rév. 2, niveau groupe, poste 25.4)";"Codes";"Indice CVS-CJO de la production industrielle (base 100 en 2021) - Fabrication d'armes et de munitions (NAF rév. 2, niveau groupe, poste 25.4)";"Codes";"Indice CVS-CJO de la production industrielle (base 100 en 2021) - Fabrication d'armes et de munitions (NAF rév. 2, niveau groupe, poste 25.4)";"Codes";"Indice CVS-CJO de la production industrielle (base 100 en 2021) - Fabrication d'armes et de munitions (NAF rév. 2, niveau groupe, poste 25.4)";"Codes";"Indice CVS-CJO de la production industrielle (base 100 en 2021) - Fabrication d'armes et de munitions (NAF rév. 2, niveau groupe, poste 25.4)";"Codes"
"idBank";"010767972";"";"010767972";"";"010767972";"";"010767972";"";"010767972";"";"010767972";"";"010767972";"";"010767972";"";"010767972";"";"010767972";"";"010767972";"";"010767972";"";"010767972";"";"010767972";""
"Mises à jour";"04/04/2025 08:45";"";"05/03/2025 08:45";"";"05/02/2025 08:45";"";"10/01/2025 08:45";"";"05/12/2024 08:45";"";"05/11/2024 08:45";"";"04/10/2024 08:45";"";"06/09/2024 08:45";"";"02/08/2024 08:45";"";"05/07/2024 08:45";"";"05/06/2024 08:45";"";"03/05/2024 08:45";"";"05/04/2024 08:45";"";"05/03/2024 08:45";""
"Période";"";"";"";"";"";"";"";"";"";"";"";"";"";"";"";"";"";"";"";"";"";"";"";"";"";"";"";""
"2025-02";"125.23";"A";"";"";"";"";"";"";"";"";"";"";"";"";"";"";"";"";"";"";"";"";"";"";"";"";"";""
"2025-01";"124.24";"A";"117.34";"A";"";"";"";"";"";"";"";"";"";"";"";"";"";"";"";"";"";"";"";"";"";"";"";""
"2024-12";"118.23";"A";"116.72";"A";"119.6";"A";"";"";"";"";"";"";"";"";"";"";"";"";"";"";"";"";"";"";"";"";"";""
"2024-11";"123.74";"A";"123.0";"A";"125.88";"A";"126.14";"A";"";"";"";"";"";"";"";"";"";"";"";"";"";"";"";"";"";"";"";""
"2024-10";"119.66";"A";"118.88";"A";"122.27";"A";"122.46";"A";"121.83";"A";"";"";"";"";"";"";"";"";"";"";"";"";"";"";"";"";"";""
"2024-09";"116.73";"A";"116.18";"A";"119.24";"A";"119.4";"A";"118.94";"A";"118.53";"A";"";"";"";"";"";"";"";"";"";"";"";"";"";"";"";""
"2024-08";"116.68";"A";"116.49";"A";"120.61";"A";"120.64";"A";"119.85";"A";"119.06";"A";"118.43";"A";"";"";"";"";"";"";"";"";"";"";"";"";"";""
"2024-07";"109.84";"A";"109.6";"A";"113.47";"A";"113.55";"A";"113.08";"A";"112.35";"A";"111.79";"A";"110.41";"A";"";"";"";"";"";"";"";"";"";"";"";""
"2024-06";"108.53";"A";"108.37";"A";"111.66";"A";"111.7";"A";"111.52";"A";"111.21";"A";"111.08";"A";"110.54";"A";"110.94";"A";"";"";"";"";"";"";"";"";"";""
"2024-05";"110.32";"A";"110.18";"A";"113.47";"A";"113.49";"A";"113.37";"A";"113.17";"A";"113.1";"A";"112.64";"A";"112.98";"A";"113.16";"A";"";"";"";"";"";"";"";""
"2024-04";"112.19";"A";"112.32";"A";"118.48";"A";"118.49";"A";"118.36";"A";"118.31";"A";"118.27";"A";"117.87";"A";"118.06";"A";"118.36";"A";"118.5";"A";"";"";"";"";"";""
"2024-03";"108.13";"A";"108.25";"A";"114.36";"A";"114.33";"A";"114.44";"A";"114.33";"A";"114.4";"A";"114.13";"A";"114.48";"A";"114.65";"A";"114.57";"A";"112.63";"A";"";"";"";""
"2024-02";"109.55";"A";"110.74";"A";"114.64";"A";"114.64";"A";"114.65";"A";"114.66";"A";"114.72";"A";"114.56";"A";"114.66";"A";"114.81";"A";"114.88";"A";"114.19";"A";"113.94";"A";"";""
"2024-01";"100.59";"A";"103.48";"A";"105.43";"A";"105.49";"A";"105.68";"A";"105.63";"A";"105.69";"A";"105.89";"A";"105.9";"A";"106.16";"A";"106.1";"A";"105.29";"A";"104.93";"A";"109.22";"A"
"2023-12";"111.57";"A";"110.18";"A";"114.13";"A";"113.3";"A";"113.3";"A";"113.53";"A";"113.62";"A";"113.62";"A";"113.59";"A";"113.7";"A";"114.0";"A";"113.41";"A";"113.18";"A";"112.77";"A"
"2023-11";"105.15";"A";"104.61";"A";"108.83";"A";"109.07";"A";"111.12";"A";"111.3";"A";"111.37";"A";"111.36";"A";"111.33";"A";"111.39";"A";"111.42";"A";"111.09";"A";"110.91";"A";"110.95";"A"
"2023-10";"101.81";"A";"101.13";"A";"106.01";"A";"106.19";"A";"105.73";"A";"107.4";"A";"107.46";"A";"107.47";"A";"107.49";"A";"107.41";"A";"107.41";"A";"107.29";"A";"107.15";"A";"107.16";"A"
"2023-09";"101.47";"A";"101.03";"A";"105.57";"A";"105.73";"A";"105.39";"A";"105.02";"A";"105.95";"A";"106.01";"A";"106.1";"A";"106.02";"A";"105.99";"A";"105.64";"A";"105.57";"A";"105.66";"A"
"2023-08";"94.56";"A";"94.47";"A";"98.57";"A";"98.62";"A";"97.9";"A";"97.29";"A";"96.74";"A";"99.18";"A";"99.31";"A";"99.51";"A";"99.49";"A";"99.5";"A";"99.44";"A";"99.65";"A"
"2023-07";"106.75";"A";"106.47";"A";"111.56";"A";"111.65";"A";"111.51";"A";"110.67";"A";"110.18";"A";"108.88";"A";"107.82";"A";"107.6";"A";"107.64";"A";"107.72";"A";"107.72";"A";"107.59";"A"
"2023-06";"100.34";"A";"100.32";"A";"105.38";"A";"105.42";"A";"105.16";"A";"105.0";"A";"104.86";"A";"104.41";"A";"104.6";"A";"103.61";"A";"103.53";"A";"103.6";"A";"103.58";"A";"103.68";"A"
"2023-05";"97.28";"A";"97.16";"A";"101.37";"A";"101.38";"A";"101.33";"A";"101.14";"A";"101.07";"A";"100.75";"A";"101.1";"A";"101.26";"A";"100.98";"A";"101.01";"A";"101.01";"A";"101.13";"A"
"2023-04";"73.53";"A";"73.59";"A";"79.1";"A";"79.12";"A";"79.22";"A";"79.06";"A";"79.04";"A";"78.82";"A";"79.27";"A";"79.43";"A";"79.53";"A";"82.65";"A";"82.65";"A";"82.89";"A"
"2023-03";"100.53";"A";"100.67";"A";"108.34";"A";"108.33";"A";"108.32";"A";"108.36";"A";"108.38";"A";"108.12";"A";"108.27";"A";"108.48";"A";"108.42";"A";"107.4";"A";"108.6";"A";"108.88";"A"
"2023-02";"91.34";"A";"92.0";"A";"96.76";"A";"96.77";"A";"96.83";"A";"96.83";"A";"96.91";"A";"96.81";"A";"96.97";"A";"97.08";"A";"97.13";"A";"96.48";"A";"96.32";"A";"98.02";"A"
"2023-01";"92.73";"A";"95.22";"A";"98.46";"A";"98.57";"A";"98.8";"A";"98.7";"A";"98.77";"A";"99.09";"A";"99.1";"A";"99.37";"A";"99.25";"A";"98.53";"A";"98.23";"A";"95.97";"A"
"2022-12";"91.96";"A";"90.88";"A";"95.0";"A";"94.29";"A";"94.08";"A";"94.48";"A";"94.55";"A";"94.49";"A";"94.19";"A";"94.35";"A";"94.69";"A";"94.45";"A";"94.25";"A";"93.79";"A"
"2022-11";"90.83";"A";"90.46";"A";"95.49";"A";"95.65";"A";"96.86";"A";"96.93";"A";"97.01";"A";"97.08";"A";"97.15";"A";"97.14";"A";"97.15";"A";"96.73";"A";"96.63";"A";"96.73";"A"
"2022-10";"77.79";"A";"77.19";"A";"82.25";"A";"82.36";"A";"82.15";"A";"83.32";"A";"83.39";"A";"83.48";"A";"83.58";"A";"83.45";"A";"83.37";"A";"83.19";"A";"83.11";"A";"83.21";"A"
"2022-09";"93.56";"A";"93.29";"A";"98.87";"A";"98.99";"A";"98.75";"A";"98.58";"A";"99.15";"A";"99.2";"A";"99.19";"A";"99.15";"A";"99.13";"A";"99.05";"A";"98.99";"A";"99.11";"A"
"2022-08";"91.08";"A";"91.07";"A";"94.93";"A";"94.96";"A";"94.42";"A";"93.96";"A";"93.55";"A";"95.4";"A";"95.53";"A";"95.7";"A";"95.68";"A";"95.73";"A";"95.7";"A";"95.91";"A"
"2022-07";"90.43";"A";"90.18";"A";"94.76";"A";"94.84";"A";"94.84";"A";"94.11";"A";"93.7";"A";"92.07";"A";"91.22";"A";"90.98";"A";"91.01";"A";"91.12";"A";"91.14";"A";"90.99";"A"
"2022-06";"92.34";"A";"92.4";"A";"97.52";"A";"97.57";"A";"97.51";"A";"97.36";"A";"97.31";"A";"97.17";"A";"97.43";"A";"96.78";"A";"96.77";"A";"96.64";"A";"96.64";"A";"96.72";"A"
"2022-05";"97.6";"A";"97.56";"A";"101.61";"A";"101.62";"A";"101.47";"A";"101.46";"A";"101.42";"A";"101.17";"A";"101.22";"A";"101.38";"A";"101.15";"A";"101.46";"A";"101.44";"A";"101.53";"A"
"2022-04";"90.59";"A";"90.66";"A";"96.23";"A";"96.25";"A";"96.3";"A";"96.24";"A";"96.23";"A";"96.09";"A";"96.37";"A";"96.5";"A";"96.57";"A";"98.84";"A";"98.84";"A";"98.99";"A"
"2022-03";"89.92";"A";"90.03";"A";"95.93";"A";"95.92";"A";"95.93";"A";"95.98";"A";"96.01";"A";"95.84";"A";"95.96";"A";"96.11";"A";"96.06";"A";"95.25";"A";"96.06";"A";"96.29";"A"
"2022-02";"90.19";"A";"90.47";"A";"93.66";"A";"93.67";"A";"93.72";"A";"93.73";"A";"93.79";"A";"93.77";"A";"93.9";"A";"93.96";"A";"94.01";"A";"93.59";"A";"93.5";"A";"94.54";"A"
"2022-01";"100.72";"A";"102.58";"A";"103.94";"A";"104.06";"A";"104.35";"A";"104.15";"A";"104.22";"A";"104.62";"A";"104.76";"A";"104.96";"A";"104.83";"A";"104.2";"A";"103.98";"A";"102.53";"A"
"2021-12";"86.93";"A";"86.28";"A";"87.84";"A";"87.35";"A";"87.04";"A";"87.44";"A";"87.48";"A";"87.41";"A";"87.02";"A";"87.19";"A";"87.52";"A";"87.56";"A";"87.4";"A";"86.96";"A"
"2021-11";"91.66";"A";"91.49";"A";"93.45";"A";"93.54";"A";"94.04";"A";"94.06";"A";"94.11";"A";"94.21";"A";"94.27";"A";"94.26";"A";"94.28";"A";"93.99";"A";"93.93";"A";"94.01";"A"
"2021-10";"101.2";"A";"100.66";"A";"102.76";"A";"102.79";"A";"102.68";"A";"103.44";"A";"103.48";"A";"103.62";"A";"103.71";"A";"103.57";"A";"103.38";"A";"103.32";"A";"103.27";"A";"103.44";"A"
"2021-09";"99.29";"A";"99.17";"A";"100.36";"A";"100.43";"A";"100.31";"A";"100.24";"A";"100.52";"A";"100.6";"A";"100.59";"A";"100.57";"A";"100.57";"A";"100.55";"A";"100.52";"A";"100.62";"A"
"2021-08";"103.6";"A";"103.64";"A";"104.29";"A";"104.31";"A";"103.99";"A";"103.72";"A";"103.49";"A";"104.55";"A";"104.64";"A";"104.75";"A";"104.74";"A";"104.78";"A";"104.77";"A";"104.94";"A"
"2021-07";"93.74";"A";"93.51";"A";"94.24";"A";"94.29";"A";"94.34";"A";"93.83";"A";"93.53";"A";"91.79";"A";"91.1";"A";"90.91";"A";"90.89";"A";"91.11";"A";"91.15";"A";"91.02";"A"
"2021-06";"100.81";"A";"101.03";"A";"100.96";"A";"101.01";"A";"100.94";"A";"100.92";"A";"100.91";"A";"100.95";"A";"101.05";"A";"100.78";"A";"100.84";"A";"100.83";"A";"100.83";"A";"100.87";"A"
"2021-05";"98.57";"A";"98.53";"A";"97.67";"A";"97.68";"A";"97.73";"A";"97.61";"A";"97.61";"A";"97.6";"A";"97.84";"A";"97.86";"A";"97.75";"A";"97.7";"A";"97.73";"A";"97.78";"A"
"2021-04";"103.41";"A";"103.5";"A";"103.18";"A";"103.2";"A";"103.18";"A";"103.2";"A";"103.19";"A";"103.13";"A";"103.23";"A";"103.33";"A";"103.37";"A";"104.81";"A";"104.81";"A";"104.91";"A"
"2021-03";"101.98";"A";"102.06";"A";"101.38";"A";"101.38";"A";"101.37";"A";"101.43";"A";"101.45";"A";"101.38";"A";"101.45";"A";"101.55";"A";"101.52";"A";"101.03";"A";"101.44";"A";"101.61";"A"
"2021-02";"107.76";"A";"107.8";"A";"105.78";"A";"105.79";"A";"105.82";"A";"105.84";"A";"105.88";"A";"105.92";"A";"106.02";"A";"106.04";"A";"106.07";"A";"105.85";"A";"105.84";"A";"106.32";"A"
"2021-01";"111.03";"A";"112.32";"A";"108.09";"A";"108.22";"A";"108.56";"A";"108.28";"A";"108.36";"A";"108.83";"A";"109.07";"A";"109.2";"A";"109.04";"A";"108.47";"A";"108.32";"A";"107.52";"A"
"2020-12";"105.04";"A";"104.68";"A";"101.89";"A";"101.61";"A";"101.38";"A";"101.66";"A";"101.71";"A";"101.7";"A";"101.46";"A";"101.54";"A";"101.85";"A";"101.8";"A";"101.71";"A";"101.31";"A"
"2020-11";"106.33";"A";"106.31";"A";"103.34";"A";"103.36";"A";"103.4";"A";"103.39";"A";"103.42";"A";"103.52";"A";"103.58";"A";"103.56";"A";"103.57";"A";"103.39";"A";"103.37";"A";"103.48";"A"
"2020-10";"102.01";"A";"101.52";"A";"98.04";"A";"98.01";"A";"97.9";"A";"98.25";"A";"98.26";"A";"98.38";"A";"98.31";"A";"98.21";"A";"97.92";"A";"98.13";"A";"98.09";"A";"98.37";"A"
"2020-09";"103.48";"A";"103.46";"A";"99.52";"A";"99.55";"A";"99.52";"A";"99.54";"A";"99.55";"A";"99.64";"A";"99.62";"A";"99.61";"A";"99.61";"A";"99.68";"A";"99.67";"A";"99.78";"A"
"2020-08";"104.45";"A";"104.45";"A";"101.09";"A";"101.09";"A";"101.04";"A";"100.87";"A";"100.8";"A";"101.24";"A";"101.42";"A";"101.43";"A";"101.41";"A";"101.29";"A";"101.31";"A";"101.46";"A"
"2020-07";"117.54";"A";"117.37";"A";"113.1";"A";"113.12";"A";"113.14";"A";"112.89";"A";"112.69";"A";"111.07";"A";"110.65";"A";"110.51";"A";"110.5";"A";"110.82";"A";"110.86";"A";"110.7";"A"
"2020-06";"108.75";"A";"109.01";"A";"104.48";"A";"104.53";"A";"104.61";"A";"104.57";"A";"104.6";"A";"104.85";"A";"105.01";"A";"105.0";"A";"105.1";"A";"104.88";"A";"104.91";"A";"104.91";"A"
"2020-05";"76.18";"A";"76.17";"A";"72.89";"A";"72.9";"A";"73.03";"A";"72.89";"A";"72.92";"A";"73.05";"A";"73.32";"A";"73.25";"A";"73.31";"A";"73.07";"A";"73.12";"A";"73.11";"A"
"2020-04";"66.37";"A";"66.42";"A";"63.53";"A";"63.55";"A";"63.5";"A";"63.53";"A";"63.54";"A";"63.56";"A";"63.57";"A";"63.61";"A";"63.62";"A";"64.05";"A";"64.06";"A";"64.1";"A"
"2020-03";"88.0";"A";"88.02";"A";"83.7";"A";"83.71";"A";"83.72";"A";"83.7";"A";"83.72";"A";"83.76";"A";"83.82";"A";"83.86";"A";"83.83";"A";"83.59";"A";"83.78";"A";"83.9";"A"
"2020-02";"103.86";"A";"103.87";"A";"98.79";"A";"98.8";"A";"98.85";"A";"98.8";"A";"98.83";"A";"98.92";"A";"99.06";"A";"99.03";"A";"99.03";"A";"98.89";"A";"98.91";"A";"98.99";"A"
"2020-01";"90.15";"A";"91.07";"A";"84.72";"A";"84.82";"A";"84.91";"A";"84.8";"A";"84.82";"A";"85.11";"A";"85.12";"A";"85.26";"A";"85.14";"A";"85.13";"A";"85.0";"A";"84.72";"A"
"2019-12";"101.88";"A";"101.69";"A";"96.73";"A";"96.54";"A";"96.46";"A";"96.54";"A";"96.57";"A";"96.63";"A";"96.63";"A";"96.64";"A";"96.84";"A";"96.67";"A";"96.65";"A";"96.39";"A"
"2019-11";"102.22";"A";"102.2";"A";"97.27";"A";"97.28";"A";"97.38";"A";"97.28";"A";"97.3";"A";"97.43";"A";"97.62";"A";"97.57";"A";"97.58";"A";"97.32";"A";"97.34";"A";"97.41";"A"
"2019-10";"112.58";"A";"112.12";"A";"105.49";"A";"105.46";"A";"105.25";"A";"105.56";"A";"105.54";"A";"105.62";"A";"105.42";"A";"105.4";"A";"105.09";"A";"105.47";"A";"105.42";"A";"105.73";"A"
"2019-09";"100.61";"A";"100.61";"A";"95.14";"A";"95.16";"A";"95.18";"A";"95.12";"A";"95.13";"A";"95.24";"A";"95.33";"A";"95.31";"A";"95.32";"A";"95.22";"A";"95.23";"A";"95.31";"A"
"2019-08";"100.52";"A";"100.52";"A";"94.9";"A";"94.92";"A";"94.97";"A";"94.89";"A";"94.91";"A";"95.04";"A";"95.16";"A";"95.12";"A";"95.12";"A";"94.96";"A";"94.99";"A";"95.07";"A"
"2019-07";"104.74";"A";"104.6";"A";"98.53";"A";"98.53";"A";"98.51";"A";"98.42";"A";"98.28";"A";"96.93";"A";"96.51";"A";"96.45";"A";"96.4";"A";"96.78";"A";"96.8";"A";"96.71";"A"
"2019-06";"94.39";"A";"94.6";"A";"89.93";"A";"89.97";"A";"90.2";"A";"90.03";"A";"90.08";"A";"90.42";"A";"90.8";"A";"90.73";"A";"90.82";"A";"90.26";"A";"90.33";"A";"90.32";"A"
"2019-05";"108.27";"A";"108.45";"A";"101.37";"A";"101.38";"A";"101.34";"A";"101.32";"A";"101.31";"A";"101.36";"A";"101.41";"A";"101.44";"A";"101.57";"A";"101.61";"A";"101.64";"A";"101.52";"A"
"2019-04";"108.02";"A";"108.1";"A";"101.51";"A";"101.52";"A";"101.45";"A";"101.47";"A";"101.47";"A";"101.5";"A";"101.49";"A";"101.52";"A";"101.53";"A";"101.78";"A";"101.8";"A";"101.81";"A"
"2019-03";"107.94";"A";"107.94";"A";"100.7";"A";"100.71";"A";"100.75";"A";"100.68";"A";"100.69";"A";"100.8";"A";"100.89";"A";"100.9";"A";"100.91";"A";"100.74";"A";"100.79";"A";"100.84";"A"
"2019-02";"100.21";"A";"100.24";"A";"93.63";"A";"93.63";"A";"93.62";"A";"93.62";"A";"93.62";"A";"93.7";"A";"93.73";"A";"93.73";"A";"93.74";"A";"93.72";"A";"93.73";"A";"93.78";"A"
"2019-01";"100.57";"A";"101.19";"A";"93.34";"A";"93.41";"A";"93.43";"A";"93.37";"A";"93.38";"A";"93.56";"A";"93.58";"A";"93.67";"A";"93.6";"A";"93.65";"A";"93.58";"A";"93.38";"A"
"2018-12";"105.94";"A";"105.81";"A";"99.24";"A";"99.15";"A";"99.25";"A";"99.16";"A";"99.2";"A";"99.29";"A";"99.52";"A";"99.45";"A";"99.53";"A";"99.15";"A";"99.18";"A";"99.08";"A"
"2018-11";"103.04";"A";"103.08";"A";"95.77";"A";"95.78";"A";"95.71";"A";"95.75";"A";"95.74";"A";"95.73";"A";"95.67";"A";"95.7";"A";"95.72";"A";"95.8";"A";"95.8";"A";"95.83";"A"
"2018-10";"111.47";"A";"111.05";"A";"101.95";"A";"101.92";"A";"101.73";"A";"101.95";"A";"101.93";"A";"101.95";"A";"101.73";"A";"101.73";"A";"101.42";"A";"101.79";"A";"101.75";"A";"102.06";"A"
"2018-09";"103.11";"A";"103.08";"A";"95.67";"A";"95.68";"A";"95.78";"A";"95.67";"A";"95.69";"A";"95.78";"A";"95.97";"A";"95.91";"A";"95.91";"A";"95.66";"A";"95.7";"A";"95.75";"A"
"2018-08";"100.5";"A";"100.55";"A";"91.97";"A";"91.97";"A";"91.95";"A";"91.96";"A";"91.96";"A";"91.98";"A";"91.98";"A";"91.97";"A";"91.98";"A";"91.99";"A";"92.0";"A";"92.02";"A"
"2018-07";"100.05";"A";"99.94";"A";"91.27";"A";"91.27";"A";"91.32";"A";"91.2";"A";"91.12";"A";"90.31";"A";"90.15";"A";"90.09";"A";"90.04";"A";"90.16";"A";"90.19";"A";"90.16";"A"
"2018-06";"102.87";"A";"103.15";"A";"93.91";"A";"93.95";"A";"94.03";"A";"93.99";"A";"94.01";"A";"94.22";"A";"94.37";"A";"94.37";"A";"94.49";"A";"94.22";"A";"94.26";"A";"94.19";"A"
"2018-05";"94.68";"A";"94.87";"A";"85.37";"A";"85.37";"A";"85.41";"A";"85.34";"A";"85.35";"A";"85.4";"A";"85.53";"A";"85.52";"A";"85.65";"A";"85.54";"A";"85.57";"A";"85.43";"A"
"2018-04";"102.83";"A";"102.9";"A";"92.22";"A";"92.22";"A";"92.19";"A";"92.18";"A";"92.19";"A";"92.2";"A";"92.25";"A";"92.25";"A";"92.25";"A";"92.39";"A";"92.4";"A";"92.39";"A"
"2018-03";"103.64";"A";"103.68";"A";"90.62";"A";"90.63";"A";"90.57";"A";"90.59";"A";"90.58";"A";"90.61";"A";"90.5";"A";"90.58";"A";"90.59";"A";"90.65";"A";"90.67";"A";"90.67";"A"
"2018-02";"112.23";"A";"112.27";"A";"98.32";"A";"98.32";"A";"98.31";"A";"98.3";"A";"98.3";"A";"98.36";"A";"98.38";"A";"98.38";"A";"98.39";"A";"98.36";"A";"98.37";"A";"98.38";"A"
"2018-01";"107.11";"A";"107.37";"A";"92.53";"A";"92.55";"A";"92.51";"A";"92.51";"A";"92.51";"A";"92.56";"A";"92.59";"A";"92.62";"A";"92.61";"A";"92.68";"A";"92.65";"A";"92.58";"A"
"2017-12";"118.63";"A";"118.62";"A";"103.45";"A";"103.45";"A";"103.63";"A";"103.45";"A";"103.48";"A";"103.58";"A";"103.89";"A";"103.79";"A";"103.78";"A";"103.36";"A";"103.41";"A";"103.45";"A"
"2017-11";"115.71";"A";"115.78";"A";"98.04";"A";"98.04";"A";"97.97";"A";"98.01";"A";"98.0";"A";"97.96";"A";"97.88";"A";"97.91";"A";"97.93";"A";"98.02";"A";"98.02";"A";"98.02";"A"
"2017-10";"110.32";"A";"109.97";"A";"91.87";"A";"91.84";"A";"91.76";"A";"91.87";"A";"91.85";"A";"91.89";"A";"91.8";"A";"91.77";"A";"91.52";"A";"91.67";"A";"91.65";"A";"91.9";"A"
"2017-09";"114.7";"A";"114.73";"A";"96.03";"A";"96.03";"A";"96.06";"A";"96.02";"A";"96.02";"A";"96.03";"A";"96.08";"A";"96.07";"A";"96.08";"A";"95.99";"A";"96.01";"A";"96.02";"A"
"2017-08";"108.94";"A";"109.0";"A";"93.21";"A";"93.2";"A";"93.22";"A";"93.2";"A";"93.21";"A";"93.21";"A";"93.21";"A";"93.19";"A";"93.19";"A";"93.16";"A";"93.18";"A";"93.14";"A"
"2017-07";"111.62";"A";"111.52";"A";"94.2";"A";"94.19";"A";"94.4";"A";"94.19";"A";"94.18";"A";"93.95";"A";"94.14";"A";"94.04";"A";"93.98";"A";"93.71";"A";"93.76";"A";"93.81";"A"
"2017-06";"112.24";"A";"112.45";"A";"92.98";"A";"93.01";"A";"93.07";"A";"93.03";"A";"93.05";"A";"93.16";"A";"93.26";"A";"93.26";"A";"93.34";"A";"93.15";"A";"93.18";"A";"93.12";"A"
"2017-05";"108.07";"A";"108.31";"A";"89.92";"A";"89.93";"A";"89.88";"A";"89.89";"A";"89.88";"A";"89.84";"A";"89.81";"A";"89.84";"A";"89.99";"A";"90.07";"A";"90.08";"A";"89.92";"A"
"2017-04";"105.21";"A";"105.26";"A";"88.11";"A";"88.11";"A";"88.11";"A";"88.07";"A";"88.07";"A";"88.07";"A";"88.17";"A";"88.14";"A";"88.13";"A";"88.17";"A";"88.18";"A";"88.18";"A"
"2017-03";"123.66";"A";"123.74";"A";"100.46";"A";"100.47";"A";"100.32";"A";"100.42";"A";"100.39";"A";"100.35";"A";"100.09";"A";"100.21";"A";"100.22";"A";"100.48";"A";"100.47";"A";"100.47";"A"
"2017-02";"110.08";"A";"110.12";"A";"91.36";"A";"91.36";"A";"91.36";"A";"91.34";"A";"91.34";"A";"91.36";"A";"91.38";"A";"91.38";"A";"91.38";"A";"91.34";"A";"91.36";"A";"91.37";"A"
"2017-01";"107.0";"A";"107.11";"A";"88.71";"A";"88.72";"A";"88.68";"A";"88.69";"A";"88.68";"A";"88.69";"A";"88.72";"A";"88.73";"A";"88.72";"A";"88.77";"A";"88.75";"A";"88.72";"A"
"2016-12";"105.25";"A";"105.28";"A";"88.8";"A";"88.8";"A";"88.83";"A";"88.78";"A";"88.78";"A";"88.79";"A";"88.87";"A";"88.85";"A";"88.84";"A";"88.73";"A";"88.75";"A";"88.78";"A"
"2016-11";"109.8";"A";"109.83";"A";"92.46";"A";"92.46";"A";"92.47";"A";"92.44";"A";"92.44";"A";"92.43";"A";"92.45";"A";"92.45";"A";"92.45";"A";"92.41";"A";"92.43";"A";"92.44";"A"
"2016-10";"102.05";"A";"102.08";"A";"86.26";"A";"86.25";"A";"86.29";"A";"86.27";"A";"86.28";"A";"86.33";"A";"86.41";"A";"86.36";"A";"86.19";"A";"86.1";"A";"86.11";"A";"86.28";"A"
"2016-09";"105.51";"A";"105.54";"A";"89.34";"A";"89.34";"A";"89.3";"A";"89.32";"A";"89.31";"A";"89.26";"A";"89.21";"A";"89.24";"A";"89.24";"A";"89.3";"A";"89.31";"A";"89.31";"A"
"2016-08";"77.42";"A";"77.45";"A";"66.96";"A";"66.95";"A";"66.99";"A";"66.96";"A";"66.97";"A";"66.97";"A";"66.98";"A";"66.96";"A";"66.94";"A";"66.89";"A";"66.91";"A";"66.87";"A"
"2016-07";"119.72";"A";"119.76";"A";"102.77";"A";"102.77";"A";"102.93";"A";"102.77";"A";"102.79";"A";"102.84";"A";"103.08";"A";"103.0";"A";"102.98";"A";"102.67";"A";"102.72";"A";"102.74";"A"
"2016-06";"105.11";"A";"105.14";"A";"89.67";"A";"89.68";"A";"89.65";"A";"89.68";"A";"89.67";"A";"89.67";"A";"89.62";"A";"89.66";"A";"89.71";"A";"89.74";"A";"89.74";"A";"89.71";"A"
"2016-05";"104.31";"A";"104.34";"A";"89.27";"A";"89.27";"A";"89.21";"A";"89.24";"A";"89.22";"A";"89.16";"A";"89.1";"A";"89.13";"A";"89.24";"A";"89.34";"A";"89.35";"A";"89.24";"A"
"2016-04";"96.5";"A";"96.53";"A";"81.93";"A";"81.94";"A";"81.72";"A";"81.85";"A";"81.82";"A";"81.67";"A";"81.5";"A";"81.55";"A";"81.56";"A";"81.97";"A";"81.94";"A";"81.92";"A"
"2016-03";"103.64";"A";"103.67";"A";"87.89";"A";"87.9";"A";"87.84";"A";"87.87";"A";"87.85";"A";"87.83";"A";"87.68";"A";"87.75";"A";"87.75";"A";"87.88";"A";"87.88";"A";"87.88";"A"
"2016-02";"99.69";"A";"99.72";"A";"85.19";"A";"85.19";"A";"85.19";"A";"85.17";"A";"85.17";"A";"85.16";"A";"85.17";"A";"85.17";"A";"85.16";"A";"85.16";"A";"85.17";"A";"85.18";"A"
"2016-01";"104.86";"A";"104.89";"A";"89.86";"A";"89.86";"A";"90.01";"A";"89.87";"A";"89.88";"A";"89.96";"A";"90.23";"A";"90.15";"A";"90.12";"A";"89.8";"A";"89.83";"A";"89.86";"A"
"2015-12";"98.34";"A";"98.37";"A";"83.92";"A";"83.93";"A";"83.94";"A";"83.91";"A";"83.91";"A";"83.91";"A";"83.96";"A";"83.95";"A";"83.94";"A";"83.88";"A";"83.9";"A";"83.92";"A"
"2015-11";"92.0";"A";"92.03";"A";"78.22";"A";"78.22";"A";"78.22";"A";"78.21";"A";"78.21";"A";"78.2";"A";"78.21";"A";"78.21";"A";"78.2";"A";"78.2";"A";"78.2";"A";"78.21";"A"
"2015-10";"95.89";"A";"95.92";"A";"81.39";"A";"81.4";"A";"81.4";"A";"81.39";"A";"81.39";"A";"81.4";"A";"81.43";"A";"81.42";"A";"81.37";"A";"81.33";"A";"81.34";"A";"81.41";"A"
"2015-09";"97.81";"A";"97.84";"A";"82.79";"A";"82.79";"A";"82.76";"A";"82.77";"A";"82.77";"A";"82.74";"A";"82.69";"A";"82.71";"A";"82.71";"A";"82.78";"A";"82.78";"A";"82.78";"A"
"2015-08";"97.57";"A";"97.6";"A";"83.78";"A";"83.77";"A";"83.92";"A";"83.8";"A";"83.83";"A";"83.91";"A";"84.06";"A";"83.98";"A";"83.95";"A";"83.71";"A";"83.75";"A";"83.71";"A"
"2015-07";"89.59";"A";"89.62";"A";"75.92";"A";"75.92";"A";"75.92";"A";"75.9";"A";"75.9";"A";"75.88";"A";"75.89";"A";"75.89";"A";"75.89";"A";"75.89";"A";"75.9";"A";"75.9";"A"
"2015-06";"87.74";"A";"87.77";"A";"73.9";"A";"73.9";"A";"73.84";"A";"73.88";"A";"73.87";"A";"73.82";"A";"73.73";"A";"73.77";"A";"73.78";"A";"73.89";"A";"73.89";"A";"73.89";"A"
"2015-05";"89.04";"A";"89.07";"A";"76.01";"A";"76.01";"A";"76.18";"A";"76.03";"A";"76.05";"A";"76.12";"A";"76.39";"A";"76.31";"A";"76.34";"A";"75.99";"A";"76.04";"A";"76.01";"A"
"2015-04";"99.02";"A";"99.05";"A";"83.05";"A";"83.05";"A";"82.82";"A";"82.96";"A";"82.93";"A";"82.78";"A";"82.6";"A";"82.65";"A";"82.67";"A";"83.09";"A";"83.06";"A";"83.04";"A"
"2015-03";"83.04";"A";"83.07";"A";"69.59";"A";"69.6";"A";"69.55";"A";"69.58";"A";"69.57";"A";"69.55";"A";"69.43";"A";"69.49";"A";"69.49";"A";"69.59";"A";"69.59";"A";"69.59";"A"
"2015-02";"83.74";"A";"83.77";"A";"70.86";"A";"70.87";"A";"70.89";"A";"70.86";"A";"70.86";"A";"70.87";"A";"70.92";"A";"70.91";"A";"70.9";"A";"70.83";"A";"70.85";"A";"70.86";"A"
"2015-01";"86.95";"A";"86.97";"A";"73.67";"A";"73.67";"A";"73.74";"A";"73.66";"A";"73.67";"A";"73.71";"A";"73.86";"A";"73.82";"A";"73.8";"A";"73.63";"A";"73.65";"A";"73.66";"A"
"2014-12";"83.08";"A";"83.11";"A";"70.35";"A";"70.35";"A";"70.35";"A";"70.34";"A";"70.34";"A";"70.33";"A";"70.33";"A";"70.33";"A";"70.32";"A";"70.32";"A";"70.33";"A";"70.35";"A"
"2014-11";"79.31";"A";"79.33";"A";"67.43";"A";"67.43";"A";"67.5";"A";"67.43";"A";"67.44";"A";"67.47";"A";"67.59";"A";"67.55";"A";"67.54";"A";"67.38";"A";"67.41";"A";"67.43";"A"
"2014-10";"84.2";"A";"84.23";"A";"71.24";"A";"71.24";"A";"71.19";"A";"71.22";"A";"71.21";"A";"71.18";"A";"71.12";"A";"71.14";"A";"71.14";"A";"71.23";"A";"71.22";"A";"71.23";"A"
"2014-09";"76.74";"A";"76.77";"A";"64.99";"A";"64.99";"A";"64.96";"A";"64.98";"A";"64.97";"A";"64.95";"A";"64.9";"A";"64.92";"A";"64.92";"A";"64.98";"A";"64.98";"A";"64.98";"A"
"2014-08";"90.04";"A";"90.07";"A";"77.48";"A";"77.47";"A";"77.69";"A";"77.51";"A";"77.54";"A";"77.66";"A";"77.93";"A";"77.81";"A";"77.78";"A";"77.39";"A";"77.44";"A";"77.42";"A"
"2014-07";"84.09";"A";"84.12";"A";"71.46";"A";"71.46";"A";"71.47";"A";"71.45";"A";"71.45";"A";"71.44";"A";"71.45";"A";"71.45";"A";"71.45";"A";"71.44";"A";"71.45";"A";"71.45";"A"
"2014-06";"81.33";"A";"81.36";"A";"69.33";"A";"69.33";"A";"69.41";"A";"69.33";"A";"69.34";"A";"69.38";"A";"69.5";"A";"69.47";"A";"69.46";"A";"69.29";"A";"69.31";"A";"69.33";"A"
"2014-05";"84.08";"A";"84.1";"A";"71.36";"A";"71.36";"A";"71.38";"A";"71.35";"A";"71.35";"A";"71.35";"A";"71.38";"A";"71.38";"A";"71.38";"A";"71.34";"A";"71.35";"A";"71.35";"A"
"2014-04";"89.1";"A";"89.12";"A";"75.0";"A";"75.0";"A";"74.76";"A";"74.91";"A";"74.88";"A";"74.72";"A";"74.54";"A";"74.59";"A";"74.61";"A";"75.05";"A";"75.01";"A";"74.99";"A"
"2014-03";"77.85";"A";"77.87";"A";"66.1";"A";"66.1";"A";"66.16";"A";"66.1";"A";"66.11";"A";"66.13";"A";"66.19";"A";"66.18";"A";"66.18";"A";"66.07";"A";"66.09";"A";"66.1";"A"
"2014-02";"77.37";"A";"77.39";"A";"65.8";"A";"65.81";"A";"65.84";"A";"65.8";"A";"65.8";"A";"65.82";"A";"65.86";"A";"65.85";"A";"65.85";"A";"65.78";"A";"65.79";"A";"65.8";"A"
"2014-01";"82.93";"A";"82.95";"A";"70.3";"A";"70.3";"A";"70.29";"A";"70.29";"A";"70.28";"A";"70.28";"A";"70.29";"A";"70.3";"A";"70.29";"A";"70.29";"A";"70.29";"A";"70.29";"A"
"2013-12";"86.3";"A";"86.33";"A";"73.43";"A";"73.43";"A";"73.49";"A";"73.43";"A";"73.44";"A";"73.46";"A";"73.54";"A";"73.52";"A";"73.51";"A";"73.4";"A";"73.42";"A";"73.43";"A"
"2013-11";"90.83";"A";"90.86";"A";"77.33";"A";"77.34";"A";"77.42";"A";"77.34";"A";"77.35";"A";"77.38";"A";"77.5";"A";"77.47";"A";"77.46";"A";"77.29";"A";"77.32";"A";"77.33";"A"
"2013-10";"89.7";"A";"89.73";"A";"75.95";"A";"75.95";"A";"75.91";"A";"75.93";"A";"75.92";"A";"75.89";"A";"75.83";"A";"75.86";"A";"75.86";"A";"75.94";"A";"75.94";"A";"75.94";"A"
"2013-09";"86.19";"A";"86.22";"A";"73.23";"A";"73.23";"A";"73.27";"A";"73.23";"A";"73.23";"A";"73.24";"A";"73.31";"A";"73.29";"A";"73.28";"A";"73.2";"A";"73.22";"A";"73.23";"A"
"2013-08";"82.69";"A";"82.72";"A";"70.93";"A";"70.93";"A";"71.06";"A";"70.95";"A";"70.97";"A";"71.04";"A";"71.2";"A";"71.13";"A";"71.1";"A";"70.87";"A";"70.91";"A";"70.89";"A"
"2013-07";"88.02";"A";"88.05";"A";"74.47";"A";"74.48";"A";"74.39";"A";"74.45";"A";"74.43";"A";"74.38";"A";"74.25";"A";"74.3";"A";"74.3";"A";"74.47";"A";"74.46";"A";"74.46";"A"
"2013-06";"88.19";"A";"88.22";"A";"75.04";"A";"75.04";"A";"75.11";"A";"75.04";"A";"75.05";"A";"75.08";"A";"75.18";"A";"75.15";"A";"75.14";"A";"75.01";"A";"75.03";"A";"75.04";"A"
"2013-05";"88.01";"A";"88.04";"A";"74.67";"A";"74.67";"A";"74.7";"A";"74.67";"A";"74.67";"A";"74.67";"A";"74.71";"A";"74.7";"A";"74.7";"A";"74.65";"A";"74.66";"A";"74.67";"A"
"2013-04";"80.1";"A";"80.13";"A";"67.44";"A";"67.45";"A";"67.24";"A";"67.38";"A";"67.35";"A";"67.21";"A";"67.05";"A";"67.1";"A";"67.12";"A";"67.48";"A";"67.45";"A";"67.44";"A"
"2013-03";"91.97";"A";"92.0";"A";"78.33";"A";"78.33";"A";"78.41";"A";"78.33";"A";"78.34";"A";"78.37";"A";"78.49";"A";"78.45";"A";"78.45";"A";"78.29";"A";"78.31";"A";"78.33";"A"
"2013-02";"86.08";"A";"86.1";"A";"73.26";"A";"73.26";"A";"73.29";"A";"73.25";"A";"73.25";"A";"73.26";"A";"73.3";"A";"73.3";"A";"73.29";"A";"73.23";"A";"73.24";"A";"73.25";"A"
"2013-01";"80.76";"A";"80.78";"A";"68.59";"A";"68.59";"A";"68.57";"A";"68.57";"A";"68.57";"A";"68.55";"A";"68.54";"A";"68.55";"A";"68.55";"A";"68.58";"A";"68.58";"A";"68.58";"A"
"2012-12";"89.34";"A";"89.37";"A";"76.53";"A";"76.53";"A";"76.67";"A";"76.54";"A";"76.56";"A";"76.63";"A";"76.84";"A";"76.77";"A";"76.75";"A";"76.47";"A";"76.51";"A";"76.53";"A"
"2012-11";"87.22";"A";"87.24";"A";"74.11";"A";"74.11";"A";"74.03";"A";"74.09";"A";"74.07";"A";"74.02";"A";"73.91";"A";"73.95";"A";"73.96";"A";"74.11";"A";"74.1";"A";"74.09";"A"
"2012-10";"85.86";"A";"85.89";"A";"73.11";"A";"73.11";"A";"73.06";"A";"73.09";"A";"73.08";"A";"73.05";"A";"72.97";"A";"73.0";"A";"73.0";"A";"73.1";"A";"73.1";"A";"73.1";"A"
"2012-09";"83.55";"A";"83.58";"A";"71.7";"A";"71.7";"A";"71.82";"A";"71.71";"A";"71.72";"A";"71.78";"A";"71.96";"A";"71.9";"A";"71.89";"A";"71.65";"A";"71.68";"A";"71.69";"A"
"2012-08";"84.17";"A";"84.2";"A";"72.04";"A";"72.04";"A";"72.07";"A";"72.04";"A";"72.04";"A";"72.05";"A";"72.07";"A";"72.05";"A";"72.05";"A";"72.02";"A";"72.03";"A";"72.02";"A"
"2012-07";"87.56";"A";"87.58";"A";"74.83";"A";"74.83";"A";"74.81";"A";"74.81";"A";"74.81";"A";"74.79";"A";"74.76";"A";"74.77";"A";"74.77";"A";"74.81";"A";"74.81";"A";"74.81";"A"
"2012-06";"90.95";"A";"90.98";"A";"77.7";"A";"77.71";"A";"77.69";"A";"77.69";"A";"77.68";"A";"77.67";"A";"77.65";"A";"77.66";"A";"77.66";"A";"77.69";"A";"77.69";"A";"77.69";"A"
"2012-05";"81.34";"A";"81.36";"A";"69.43";"A";"69.43";"A";"69.47";"A";"69.42";"A";"69.43";"A";"69.44";"A";"69.5";"A";"69.49";"A";"69.48";"A";"69.4";"A";"69.41";"A";"69.42";"A"
"2012-04";"81.48";"A";"81.51";"A";"69.47";"A";"69.47";"A";"69.39";"A";"69.43";"A";"69.42";"A";"69.35";"A";"69.33";"A";"69.34";"A";"69.34";"A";"69.47";"A";"69.47";"A";"69.46";"A"
"2012-03";"93.09";"A";"93.12";"A";"79.65";"A";"79.65";"A";"79.66";"A";"79.64";"A";"79.63";"A";"79.63";"A";"79.65";"A";"79.65";"A";"79.65";"A";"79.62";"A";"79.63";"A";"79.64";"A"
"2012-02";"91.86";"A";"91.89";"A";"78.56";"A";"78.56";"A";"78.56";"A";"78.55";"A";"78.54";"A";"78.54";"A";"78.54";"A";"78.55";"A";"78.54";"A";"78.54";"A";"78.55";"A";"78.55";"A"
"2012-01";"84.08";"A";"84.11";"A";"71.77";"A";"71.77";"A";"71.74";"A";"71.76";"A";"71.75";"A";"71.72";"A";"71.68";"A";"71.7";"A";"71.7";"A";"71.76";"A";"71.76";"A";"71.76";"A"
"2011-12";"82.51";"A";"82.53";"A";"70.49";"A";"70.49";"A";"70.49";"A";"70.47";"A";"70.47";"A";"70.47";"A";"70.48";"A";"70.48";"A";"70.48";"A";"70.47";"A";"70.47";"A";"70.48";"A"
"2011-11";"87.7";"A";"87.73";"A";"74.92";"A";"74.93";"A";"74.93";"A";"74.91";"A";"74.91";"A";"74.9";"A";"74.92";"A";"74.92";"A";"74.91";"A";"74.9";"A";"74.91";"A";"74.91";"A"
"2011-10";"81.32";"A";"81.35";"A";"69.47";"A";"69.48";"A";"69.48";"A";"69.46";"A";"69.46";"A";"69.46";"A";"69.47";"A";"69.47";"A";"69.47";"A";"69.45";"A";"69.46";"A";"69.46";"A"
"2011-09";"91.35";"A";"91.38";"A";"78.04";"A";"78.04";"A";"78.04";"A";"78.03";"A";"78.03";"A";"78.02";"A";"78.04";"A";"78.03";"A";"78.03";"A";"78.02";"A";"78.03";"A";"78.03";"A"
"2011-08";"87.47";"A";"87.5";"A";"74.72";"A";"74.73";"A";"74.73";"A";"74.71";"A";"74.71";"A";"74.7";"A";"74.72";"A";"74.72";"A";"74.71";"A";"74.7";"A";"74.71";"A";"74.71";"A"
"2011-07";"84.13";"A";"84.15";"A";"71.87";"A";"71.87";"A";"71.87";"A";"71.86";"A";"71.85";"A";"71.85";"A";"71.87";"A";"71.86";"A";"71.86";"A";"71.85";"A";"71.86";"A";"71.86";"A"
"2011-06";"82.05";"A";"82.07";"A";"70.09";"A";"70.09";"A";"70.1";"A";"70.08";"A";"70.08";"A";"70.07";"A";"70.09";"A";"70.09";"A";"70.08";"A";"70.07";"A";"70.08";"A";"70.08";"A"
"2011-05";"102.59";"A";"102.62";"A";"87.64";"A";"87.64";"A";"87.64";"A";"87.63";"A";"87.62";"A";"87.62";"A";"87.64";"A";"87.63";"A";"87.63";"A";"87.61";"A";"87.62";"A";"87.63";"A"
"2011-04";"93.72";"A";"93.75";"A";"80.06";"A";"80.06";"A";"80.07";"A";"80.05";"A";"80.05";"A";"80.04";"A";"80.06";"A";"80.06";"A";"80.05";"A";"80.04";"A";"80.05";"A";"80.05";"A"
"2011-03";"88.2";"A";"88.23";"A";"75.35";"A";"75.35";"A";"75.35";"A";"75.34";"A";"75.33";"A";"75.33";"A";"75.35";"A";"75.34";"A";"75.34";"A";"75.33";"A";"75.34";"A";"75.34";"A"
"2011-02";"87.78";"A";"87.81";"A";"74.99";"A";"74.99";"A";"75.0";"A";"74.98";"A";"74.98";"A";"74.97";"A";"74.99";"A";"74.99";"A";"74.98";"A";"74.97";"A";"74.98";"A";"74.98";"A"
"2011-01";"96.79";"A";"96.82";"A";"82.69";"A";"82.69";"A";"82.7";"A";"82.68";"A";"82.68";"A";"82.67";"A";"82.69";"A";"82.69";"A";"82.68";"A";"82.67";"A";"82.68";"A";"82.68";"A"
"2010-12";"93.36";"A";"93.38";"A";"79.75";"A";"79.75";"A";"79.76";"A";"79.74";"A";"79.74";"A";"79.73";"A";"79.75";"A";"79.75";"A";"79.74";"A";"79.73";"A";"79.74";"A";"79.74";"A"
"2010-11";"89.8";"A";"89.82";"A";"76.71";"A";"76.71";"A";"76.72";"A";"76.7";"A";"76.7";"A";"76.69";"A";"76.71";"A";"76.71";"A";"76.7";"A";"76.69";"A";"76.7";"A";"76.7";"A"
"2010-10";"97.34";"A";"97.37";"A";"83.16";"A";"83.16";"A";"83.16";"A";"83.14";"A";"83.14";"A";"83.13";"A";"83.15";"A";"83.15";"A";"83.15";"A";"83.13";"A";"83.14";"A";"83.14";"A"
"2010-09";"94.02";"A";"94.05";"A";"80.32";"A";"80.32";"A";"80.32";"A";"80.31";"A";"80.3";"A";"80.3";"A";"80.32";"A";"80.31";"A";"80.31";"A";"80.3";"A";"80.31";"A";"80.31";"A"
"2010-08";"93.37";"A";"93.39";"A";"79.76";"A";"79.76";"A";"79.77";"A";"79.75";"A";"79.75";"A";"79.74";"A";"79.76";"A";"79.76";"A";"79.75";"A";"79.74";"A";"79.75";"A";"79.75";"A"
"2010-07";"94.42";"A";"94.45";"A";"80.66";"A";"80.66";"A";"80.66";"A";"80.65";"A";"80.65";"A";"80.64";"A";"80.66";"A";"80.65";"A";"80.65";"A";"80.64";"A";"80.65";"A";"80.65";"A"
"2010-06";"94.86";"A";"94.89";"A";"81.03";"A";"81.04";"A";"81.04";"A";"81.02";"A";"81.02";"A";"81.01";"A";"81.03";"A";"81.03";"A";"81.03";"A";"81.01";"A";"81.02";"A";"81.02";"A"
"2010-05";"88.0";"A";"88.03";"A";"75.18";"A";"75.18";"A";"75.19";"A";"75.17";"A";"75.17";"A";"75.16";"A";"75.18";"A";"75.18";"A";"75.17";"A";"75.16";"A";"75.17";"A";"75.17";"A"
"2010-04";"98.55";"A";"98.58";"A";"84.19";"A";"84.19";"A";"84.19";"A";"84.18";"A";"84.17";"A";"84.17";"A";"84.19";"A";"84.18";"A";"84.18";"A";"84.16";"A";"84.18";"A";"84.18";"A"
"2010-03";"83.68";"A";"83.71";"A";"71.49";"A";"71.49";"A";"71.5";"A";"71.48";"A";"71.48";"A";"71.47";"A";"71.49";"A";"71.49";"A";"71.48";"A";"71.47";"A";"71.48";"A";"71.48";"A"
"2010-02";"87.4";"A";"87.43";"A";"74.67";"A";"74.67";"A";"74.67";"A";"74.66";"A";"74.65";"A";"74.65";"A";"74.67";"A";"74.66";"A";"74.66";"A";"74.65";"A";"74.66";"A";"74.66";"A"
"2010-01";"89.01";"A";"89.04";"A";"76.04";"A";"76.04";"A";"76.04";"A";"76.03";"A";"76.03";"A";"76.02";"A";"76.04";"A";"76.03";"A";"76.03";"A";"76.02";"A";"76.03";"A";"76.03";"A"
"2009-12";"72.93";"A";"72.95";"A";"62.3";"A";"62.3";"A";"62.31";"A";"62.29";"A";"62.29";"A";"62.29";"A";"62.3";"A";"62.3";"A";"62.3";"A";"62.28";"A";"62.29";"A";"62.29";"A"
"2009-11";"75.51";"A";"75.53";"A";"64.5";"A";"64.51";"A";"64.51";"A";"64.49";"A";"64.49";"A";"64.49";"A";"64.5";"A";"64.5";"A";"64.5";"A";"64.49";"A";"64.49";"A";"64.49";"A"
"2009-10";"70.09";"A";"70.12";"A";"59.88";"A";"59.88";"A";"59.88";"A";"59.87";"A";"59.87";"A";"59.87";"A";"59.88";"A";"59.88";"A";"59.87";"A";"59.86";"A";"59.87";"A";"59.87";"A"
"2009-09";"76.06";"A";"76.08";"A";"64.98";"A";"64.98";"A";"64.98";"A";"64.97";"A";"64.97";"A";"64.96";"A";"64.97";"A";"64.97";"A";"64.97";"A";"64.96";"A";"64.97";"A";"64.97";"A"
"2009-08";"92.12";"A";"92.15";"A";"78.7";"A";"78.7";"A";"78.7";"A";"78.69";"A";"78.69";"A";"78.68";"A";"78.7";"A";"78.69";"A";"78.69";"A";"78.68";"A";"78.69";"A";"78.69";"A"
"2009-07";"72.87";"A";"72.89";"A";"62.25";"A";"62.25";"A";"62.25";"A";"62.24";"A";"62.24";"A";"62.24";"A";"62.25";"A";"62.25";"A";"62.24";"A";"62.23";"A";"62.24";"A";"62.24";"A"
"2009-06";"70.62";"A";"70.64";"A";"60.33";"A";"60.33";"A";"60.33";"A";"60.32";"A";"60.32";"A";"60.32";"A";"60.33";"A";"60.33";"A";"60.32";"A";"60.31";"A";"60.32";"A";"60.32";"A"
"2009-05";"75.42";"A";"75.44";"A";"64.43";"A";"64.43";"A";"64.44";"A";"64.42";"A";"64.42";"A";"64.42";"A";"64.43";"A";"64.43";"A";"64.42";"A";"64.41";"A";"64.42";"A";"64.42";"A"
"2009-04";"67.18";"A";"67.2";"A";"57.39";"A";"57.39";"A";"57.39";"A";"57.38";"A";"57.38";"A";"57.37";"A";"57.39";"A";"57.38";"A";"57.38";"A";"57.37";"A";"57.38";"A";"57.38";"A"
"2009-03";"70.04";"A";"70.06";"A";"59.83";"A";"59.83";"A";"59.83";"A";"59.82";"A";"59.82";"A";"59.82";"A";"59.83";"A";"59.83";"A";"59.82";"A";"59.81";"A";"59.82";"A";"59.82";"A"
"2009-02";"76.29";"A";"76.32";"A";"65.18";"A";"65.18";"A";"65.18";"A";"65.17";"A";"65.17";"A";"65.16";"A";"65.17";"A";"65.17";"A";"65.17";"A";"65.16";"A";"65.17";"A";"65.17";"A"
"2009-01";"71.84";"A";"71.86";"A";"61.37";"A";"61.37";"A";"61.38";"A";"61.36";"A";"61.36";"A";"61.36";"A";"61.37";"A";"61.37";"A";"61.37";"A";"61.36";"A";"61.36";"A";"61.36";"A"
"2008-12";"66.57";"A";"66.59";"A";"56.87";"A";"56.87";"A";"56.87";"A";"56.86";"A";"56.86";"A";"56.86";"A";"56.87";"A";"56.87";"A";"56.86";"A";"56.85";"A";"56.86";"A";"56.86";"A"
"2008-11";"67.11";"A";"67.13";"A";"57.33";"A";"57.33";"A";"57.34";"A";"57.32";"A";"57.32";"A";"57.32";"A";"57.33";"A";"57.33";"A";"57.33";"A";"57.32";"A";"57.32";"A";"57.32";"A"
"2008-10";"70.72";"A";"70.75";"A";"60.42";"A";"60.42";"A";"60.42";"A";"60.41";"A";"60.41";"A";"60.4";"A";"60.42";"A";"60.41";"A";"60.41";"A";"60.4";"A";"60.41";"A";"60.41";"A"
"2008-09";"63.88";"A";"63.9";"A";"54.57";"A";"54.57";"A";"54.57";"A";"54.56";"A";"54.56";"A";"54.55";"A";"54.57";"A";"54.56";"A";"54.56";"A";"54.55";"A";"54.56";"A";"54.56";"A"
"2008-08";"78.0";"A";"78.03";"A";"66.64";"A";"66.64";"A";"66.64";"A";"66.63";"A";"66.63";"A";"66.62";"A";"66.64";"A";"66.63";"A";"66.63";"A";"66.62";"A";"66.63";"A";"66.63";"A"
"2008-07";"71.26";"A";"71.28";"A";"60.88";"A";"60.88";"A";"60.88";"A";"60.87";"A";"60.86";"A";"60.86";"A";"60.87";"A";"60.87";"A";"60.87";"A";"60.86";"A";"60.87";"A";"60.87";"A"
"2008-06";"67.08";"A";"67.1";"A";"57.3";"A";"57.31";"A";"57.31";"A";"57.3";"A";"57.29";"A";"57.29";"A";"57.3";"A";"57.3";"A";"57.3";"A";"57.29";"A";"57.29";"A";"57.3";"A"
"2008-05";"54.75";"A";"54.77";"A";"46.77";"A";"46.78";"A";"46.78";"A";"46.77";"A";"46.77";"A";"46.76";"A";"46.77";"A";"46.77";"A";"46.77";"A";"46.76";"A";"46.77";"A";"46.77";"A"
"2008-04";"78.14";"A";"78.16";"A";"66.75";"A";"66.75";"A";"66.76";"A";"66.74";"A";"66.74";"A";"66.74";"A";"66.75";"A";"66.75";"A";"66.75";"A";"66.73";"A";"66.74";"A";"66.74";"A"
"2008-03";"74.71";"A";"74.73";"A";"63.82";"A";"63.82";"A";"63.83";"A";"63.81";"A";"63.81";"A";"63.81";"A";"63.82";"A";"63.82";"A";"63.82";"A";"63.8";"A";"63.81";"A";"63.81";"A"
"2008-02";"73.32";"A";"73.34";"A";"62.63";"A";"62.64";"A";"62.64";"A";"62.62";"A";"62.62";"A";"62.62";"A";"62.63";"A";"62.63";"A";"62.63";"A";"62.62";"A";"62.62";"A";"62.63";"A"
"2008-01";"68.77";"A";"68.79";"A";"58.75";"A";"58.75";"A";"58.75";"A";"58.74";"A";"58.74";"A";"58.74";"A";"58.75";"A";"58.75";"A";"58.74";"A";"58.73";"A";"58.74";"A";"58.74";"A"
"2007-12";"74.2";"A";"74.22";"A";"63.39";"A";"63.39";"A";"63.39";"A";"63.38";"A";"63.38";"A";"63.37";"A";"63.39";"A";"63.39";"A";"63.38";"A";"63.37";"A";"63.38";"A";"63.38";"A"
"2007-11";"66.15";"A";"66.17";"A";"56.51";"A";"56.51";"A";"56.52";"A";"56.5";"A";"56.5";"A";"56.5";"A";"56.51";"A";"56.51";"A";"56.51";"A";"56.5";"A";"56.5";"A";"56.5";"A"
"2007-10";"65.38";"A";"65.4";"A";"55.85";"A";"55.85";"A";"55.86";"A";"55.84";"A";"55.84";"A";"55.84";"A";"55.85";"A";"55.85";"A";"55.85";"A";"55.84";"A";"55.84";"A";"55.84";"A"
"2007-09";"60.68";"A";"60.7";"A";"51.84";"A";"51.84";"A";"51.84";"A";"51.83";"A";"51.83";"A";"51.83";"A";"51.84";"A";"51.84";"A";"51.83";"A";"51.82";"A";"51.83";"A";"51.83";"A"
"2007-08";"118.78";"A";"118.82";"A";"101.47";"A";"101.47";"A";"101.48";"A";"101.46";"A";"101.45";"A";"101.45";"A";"101.47";"A";"101.47";"A";"101.46";"A";"101.44";"A";"101.46";"A";"101.46";"A"
"2007-07";"98.76";"A";"98.79";"A";"84.37";"A";"84.37";"A";"84.38";"A";"84.36";"A";"84.36";"A";"84.35";"A";"84.37";"A";"84.37";"A";"84.36";"A";"84.35";"A";"84.36";"A";"84.36";"A"
"2007-06";"122.82";"A";"122.86";"A";"104.93";"A";"104.93";"A";"104.93";"A";"104.91";"A";"104.91";"A";"104.9";"A";"104.93";"A";"104.92";"A";"104.92";"A";"104.9";"A";"104.91";"A";"104.91";"A"
"2007-05";"117.11";"A";"117.15";"A";"100.05";"A";"100.05";"A";"100.05";"A";"100.03";"A";"100.03";"A";"100.02";"A";"100.04";"A";"100.04";"A";"100.04";"A";"100.02";"A";"100.03";"A";"100.03";"A"
"2007-04";"77.12";"A";"77.15";"A";"65.88";"A";"65.89";"A";"65.89";"A";"65.87";"A";"65.87";"A";"65.87";"A";"65.88";"A";"65.88";"A";"65.88";"A";"65.87";"A";"65.87";"A";"65.87";"A"
"2007-03";"77.68";"A";"77.71";"A";"66.36";"A";"66.36";"A";"66.37";"A";"66.35";"A";"66.35";"A";"66.35";"A";"66.36";"A";"66.36";"A";"66.35";"A";"66.34";"A";"66.35";"A";"66.35";"A"
"2007-02";"97.0";"A";"97.03";"A";"82.87";"A";"82.87";"A";"82.87";"A";"82.85";"A";"82.85";"A";"82.85";"A";"82.86";"A";"82.86";"A";"82.86";"A";"82.84";"A";"82.85";"A";"82.85";"A"
"2007-01";"97.43";"A";"97.46";"A";"83.23";"A";"83.23";"A";"83.24";"A";"83.22";"A";"83.22";"A";"83.21";"A";"83.23";"A";"83.22";"A";"83.22";"A";"83.21";"A";"83.22";"A";"83.22";"A"
"2006-12";"95.73";"A";"95.76";"A";"81.78";"A";"81.78";"A";"81.79";"A";"81.77";"A";"81.77";"A";"81.76";"A";"81.78";"A";"81.78";"A";"81.77";"A";"81.76";"A";"81.77";"A";"81.77";"A"
"2006-11";"95.23";"A";"95.26";"A";"81.36";"A";"81.36";"A";"81.36";"A";"81.34";"A";"81.34";"A";"81.33";"A";"81.35";"A";"81.35";"A";"81.35";"A";"81.33";"A";"81.34";"A";"81.34";"A"
"2006-10";"100.67";"A";"100.7";"A";"86.0";"A";"86.0";"A";"86.0";"A";"85.98";"A";"85.98";"A";"85.98";"A";"86.0";"A";"85.99";"A";"85.99";"A";"85.97";"A";"85.98";"A";"85.98";"A"
"2006-09";"95.84";"A";"95.87";"A";"81.87";"A";"81.88";"A";"81.88";"A";"81.86";"A";"81.86";"A";"81.85";"A";"81.87";"A";"81.87";"A";"81.86";"A";"81.85";"A";"81.86";"A";"81.86";"A"
"2006-08";"88.55";"A";"88.58";"A";"75.65";"A";"75.65";"A";"75.65";"A";"75.63";"A";"75.63";"A";"75.63";"A";"75.64";"A";"75.64";"A";"75.64";"A";"75.62";"A";"75.63";"A";"75.63";"A"
"2006-07";"94.71";"A";"94.74";"A";"80.91";"A";"80.91";"A";"80.91";"A";"80.9";"A";"80.9";"A";"80.89";"A";"80.91";"A";"80.9";"A";"80.9";"A";"80.89";"A";"80.9";"A";"80.9";"A"
"2006-06";"91.37";"A";"91.4";"A";"78.06";"A";"78.06";"A";"78.06";"A";"78.05";"A";"78.05";"A";"78.04";"A";"78.06";"A";"78.06";"A";"78.05";"A";"78.04";"A";"78.05";"A";"78.05";"A"
"2006-05";"88.13";"A";"88.16";"A";"75.29";"A";"75.29";"A";"75.3";"A";"75.28";"A";"75.28";"A";"75.27";"A";"75.29";"A";"75.29";"A";"75.28";"A";"75.27";"A";"75.28";"A";"75.28";"A"
"2006-04";"86.99";"A";"87.02";"A";"74.32";"A";"74.32";"A";"74.32";"A";"74.3";"A";"74.3";"A";"74.3";"A";"74.31";"A";"74.31";"A";"74.31";"A";"74.29";"A";"74.3";"A";"74.3";"A"
"2006-03";"96.26";"A";"96.29";"A";"82.24";"A";"82.24";"A";"82.24";"A";"82.22";"A";"82.22";"A";"82.22";"A";"82.23";"A";"82.23";"A";"82.23";"A";"82.21";"A";"82.22";"A";"82.22";"A"
"2006-02";"92.8";"A";"92.83";"A";"79.28";"A";"79.28";"A";"79.28";"A";"79.27";"A";"79.26";"A";"79.26";"A";"79.28";"A";"79.27";"A";"79.27";"A";"79.26";"A";"79.27";"A";"79.27";"A"
"2006-01";"86.44";"A";"86.47";"A";"73.85";"A";"73.85";"A";"73.85";"A";"73.84";"A";"73.83";"A";"73.83";"A";"73.84";"A";"73.84";"A";"73.84";"A";"73.83";"A";"73.83";"A";"73.84";"A"
"2005-12";"69.65";"A";"69.67";"A";"59.5";"A";"59.5";"A";"59.5";"A";"59.49";"A";"59.49";"A";"59.49";"A";"59.5";"A";"59.5";"A";"59.49";"A";"59.48";"A";"59.49";"A";"59.49";"A"
"2005-11";"95.85";"A";"95.88";"A";"81.88";"A";"81.88";"A";"81.89";"A";"81.87";"A";"81.87";"A";"81.86";"A";"81.88";"A";"81.88";"A";"81.87";"A";"81.86";"A";"81.87";"A";"81.87";"A"
"2005-10";"71.4";"A";"71.42";"A";"61.0";"A";"61.0";"A";"61.0";"A";"60.99";"A";"60.98";"A";"60.98";"A";"60.99";"A";"60.99";"A";"60.99";"A";"60.98";"A";"60.98";"A";"60.99";"A"
"2005-09";"78.73";"A";"78.76";"A";"67.26";"A";"67.26";"A";"67.26";"A";"67.25";"A";"67.25";"A";"67.24";"A";"67.26";"A";"67.26";"A";"67.25";"A";"67.24";"A";"67.25";"A";"67.25";"A"
"2005-08";"72.71";"A";"72.74";"A";"62.12";"A";"62.12";"A";"62.12";"A";"62.11";"A";"62.11";"A";"62.1";"A";"62.12";"A";"62.11";"A";"62.11";"A";"62.1";"A";"62.11";"A";"62.11";"A"
"2005-07";"74.98";"A";"75.01";"A";"64.06";"A";"64.06";"A";"64.06";"A";"64.05";"A";"64.05";"A";"64.04";"A";"64.06";"A";"64.05";"A";"64.05";"A";"64.04";"A";"64.05";"A";"64.05";"A"
"2005-06";"73.06";"A";"73.08";"A";"62.41";"A";"62.41";"A";"62.42";"A";"62.4";"A";"62.4";"A";"62.4";"A";"62.41";"A";"62.41";"A";"62.4";"A";"62.39";"A";"62.4";"A";"62.4";"A"
"2005-05";"72.51";"A";"72.54";"A";"61.95";"A";"61.95";"A";"61.95";"A";"61.94";"A";"61.94";"A";"61.93";"A";"61.95";"A";"61.94";"A";"61.94";"A";"61.93";"A";"61.94";"A";"61.94";"A"
"2005-04";"72.62";"A";"72.64";"A";"62.04";"A";"62.04";"A";"62.04";"A";"62.03";"A";"62.02";"A";"62.02";"A";"62.03";"A";"62.03";"A";"62.03";"A";"62.02";"A";"62.03";"A";"62.03";"A"
"2005-03";"63.98";"A";"64.0";"A";"54.66";"A";"54.66";"A";"54.66";"A";"54.65";"A";"54.65";"A";"54.65";"A";"54.66";"A";"54.66";"A";"54.65";"A";"54.64";"A";"54.65";"A";"54.65";"A"
"2005-02";"61.11";"A";"61.12";"A";"52.2";"A";"52.2";"A";"52.21";"A";"52.19";"A";"52.19";"A";"52.19";"A";"52.2";"A";"52.2";"A";"52.2";"A";"52.19";"A";"52.19";"A";"52.19";"A"
"2005-01";"66.89";"A";"66.91";"A";"57.14";"A";"57.14";"A";"57.15";"A";"57.13";"A";"57.13";"A";"57.13";"A";"57.14";"A";"57.14";"A";"57.13";"A";"57.13";"A";"57.13";"A";"57.13";"A"
"2004-12";"68.28";"A";"68.3";"A";"58.33";"A";"58.33";"A";"58.34";"A";"58.32";"A";"58.32";"A";"58.32";"A";"58.33";"A";"58.33";"A";"58.32";"A";"58.31";"A";"58.32";"A";"58.32";"A"
"2004-11";"71.03";"A";"71.05";"A";"60.68";"A";"60.68";"A";"60.68";"A";"60.67";"A";"60.67";"A";"60.66";"A";"60.68";"A";"60.67";"A";"60.67";"A";"60.66";"A";"60.67";"A";"60.67";"A"
"2004-10";"71.6";"A";"71.62";"A";"61.16";"A";"61.17";"A";"61.17";"A";"61.15";"A";"61.15";"A";"61.15";"A";"61.16";"A";"61.16";"A";"61.16";"A";"61.15";"A";"61.15";"A";"61.15";"A"
"2004-09";"73.3";"A";"73.32";"A";"62.62";"A";"62.62";"A";"62.62";"A";"62.61";"A";"62.61";"A";"62.6";"A";"62.62";"A";"62.62";"A";"62.61";"A";"62.6";"A";"62.61";"A";"62.61";"A"
"2004-08";"69.73";"A";"69.75";"A";"59.57";"A";"59.57";"A";"59.58";"A";"59.56";"A";"59.56";"A";"59.56";"A";"59.57";"A";"59.57";"A";"59.57";"A";"59.55";"A";"59.56";"A";"59.56";"A"
"2004-07";"71.33";"A";"71.35";"A";"60.93";"A";"60.93";"A";"60.94";"A";"60.92";"A";"60.92";"A";"60.92";"A";"60.93";"A";"60.93";"A";"60.93";"A";"60.92";"A";"60.92";"A";"60.92";"A"
"2004-06";"73.49";"A";"73.51";"A";"62.78";"A";"62.78";"A";"62.79";"A";"62.77";"A";"62.77";"A";"62.77";"A";"62.78";"A";"62.78";"A";"62.77";"A";"62.76";"A";"62.77";"A";"62.77";"A"
"2004-05";"64.92";"A";"64.94";"A";"55.46";"A";"55.46";"A";"55.46";"A";"55.45";"A";"55.45";"A";"55.44";"A";"55.46";"A";"55.46";"A";"55.45";"A";"55.44";"A";"55.45";"A";"55.45";"A"
"2004-04";"73.96";"A";"73.99";"A";"63.19";"A";"63.19";"A";"63.19";"A";"63.18";"A";"63.18";"A";"63.17";"A";"63.18";"A";"63.18";"A";"63.18";"A";"63.17";"A";"63.18";"A";"63.18";"A"
"2004-03";"74.59";"A";"74.61";"A";"63.72";"A";"63.72";"A";"63.72";"A";"63.71";"A";"63.71";"A";"63.7";"A";"63.72";"A";"63.71";"A";"63.71";"A";"63.7";"A";"63.71";"A";"63.71";"A"
"2004-02";"72.19";"A";"72.21";"A";"61.67";"A";"61.67";"A";"61.68";"A";"61.66";"A";"61.66";"A";"61.66";"A";"61.67";"A";"61.67";"A";"61.67";"A";"61.65";"A";"61.66";"A";"61.66";"A"
"2004-01";"75.41";"A";"75.43";"A";"64.42";"A";"64.42";"A";"64.43";"A";"64.41";"A";"64.41";"A";"64.41";"A";"64.42";"A";"64.42";"A";"64.41";"A";"64.4";"A";"64.41";"A";"64.41";"A"
"2003-12";"71.64";"A";"71.66";"A";"61.2";"A";"61.2";"A";"61.2";"A";"61.19";"A";"61.19";"A";"61.18";"A";"61.2";"A";"61.2";"A";"61.19";"A";"61.18";"A";"61.19";"A";"61.19";"A"
"2003-11";"70.87";"A";"70.89";"A";"60.54";"A";"60.54";"A";"60.55";"A";"60.53";"A";"60.53";"A";"60.53";"A";"60.54";"A";"60.54";"A";"60.54";"A";"60.53";"A";"60.53";"A";"60.53";"A"
"2003-10";"72.7";"A";"72.73";"A";"62.11";"A";"62.11";"A";"62.11";"A";"62.1";"A";"62.1";"A";"62.09";"A";"62.11";"A";"62.11";"A";"62.1";"A";"62.09";"A";"62.1";"A";"62.1";"A"
"2003-09";"70.5";"A";"70.52";"A";"60.23";"A";"60.23";"A";"60.23";"A";"60.22";"A";"60.22";"A";"60.21";"A";"60.22";"A";"60.22";"A";"60.22";"A";"60.21";"A";"60.22";"A";"60.22";"A"
"2003-08";"79.14";"A";"79.16";"A";"67.61";"A";"67.61";"A";"67.61";"A";"67.6";"A";"67.6";"A";"67.59";"A";"67.61";"A";"67.6";"A";"67.6";"A";"67.59";"A";"67.6";"A";"67.6";"A"
"2003-07";"64.65";"A";"64.67";"A";"55.23";"A";"55.23";"A";"55.23";"A";"55.22";"A";"55.22";"A";"55.21";"A";"55.23";"A";"55.22";"A";"55.22";"A";"55.21";"A";"55.22";"A";"55.22";"A"
"2003-06";"71.33";"A";"71.35";"A";"60.94";"A";"60.94";"A";"60.94";"A";"60.93";"A";"60.93";"A";"60.92";"A";"60.93";"A";"60.93";"A";"60.93";"A";"60.92";"A";"60.93";"A";"60.93";"A"
"2003-05";"82.03";"A";"82.06";"A";"70.08";"A";"70.08";"A";"70.08";"A";"70.07";"A";"70.07";"A";"70.06";"A";"70.08";"A";"70.07";"A";"70.07";"A";"70.06";"A";"70.07";"A";"70.07";"A"
"2003-04";"61.17";"A";"61.19";"A";"52.26";"A";"52.26";"A";"52.26";"A";"52.25";"A";"52.25";"A";"52.24";"A";"52.25";"A";"52.25";"A";"52.25";"A";"52.24";"A";"52.25";"A";"52.25";"A"
"2003-03";"73.42";"A";"73.45";"A";"62.72";"A";"62.73";"A";"62.73";"A";"62.71";"A";"62.71";"A";"62.71";"A";"62.72";"A";"62.72";"A";"62.72";"A";"62.71";"A";"62.71";"A";"62.72";"A"
"2003-02";"76.03";"A";"76.06";"A";"64.95";"A";"64.96";"A";"64.96";"A";"64.94";"A";"64.94";"A";"64.94";"A";"64.95";"A";"64.95";"A";"64.95";"A";"64.94";"A";"64.94";"A";"64.95";"A"
"2003-01";"79.37";"A";"79.39";"A";"67.8";"A";"67.81";"A";"67.81";"A";"67.79";"A";"67.79";"A";"67.79";"A";"67.8";"A";"67.8";"A";"67.8";"A";"67.78";"A";"67.79";"A";"67.79";"A"
"2002-12";"78.56";"A";"78.59";"A";"67.12";"A";"67.12";"A";"67.12";"A";"67.11";"A";"67.1";"A";"67.1";"A";"67.11";"A";"67.11";"A";"67.11";"A";"67.1";"A";"67.1";"A";"67.11";"A"
"2002-11";"79.46";"A";"79.48";"A";"67.88";"A";"67.88";"A";"67.88";"A";"67.87";"A";"67.87";"A";"67.86";"A";"67.88";"A";"67.87";"A";"67.87";"A";"67.86";"A";"67.87";"A";"67.87";"A"
"2002-10";"77.14";"A";"77.16";"A";"65.9";"A";"65.9";"A";"65.9";"A";"65.89";"A";"65.89";"A";"65.88";"A";"65.9";"A";"65.9";"A";"65.89";"A";"65.88";"A";"65.89";"A";"65.89";"A"
"2002-09";"78.84";"A";"78.86";"A";"67.35";"A";"67.35";"A";"67.35";"A";"67.34";"A";"67.34";"A";"67.33";"A";"67.35";"A";"67.35";"A";"67.34";"A";"67.33";"A";"67.34";"A";"67.34";"A"
"2002-08";"80.05";"A";"80.07";"A";"68.38";"A";"68.38";"A";"68.39";"A";"68.37";"A";"68.37";"A";"68.36";"A";"68.38";"A";"68.38";"A";"68.37";"A";"68.36";"A";"68.37";"A";"68.37";"A"
"2002-07";"76.96";"A";"76.98";"A";"65.74";"A";"65.74";"A";"65.75";"A";"65.73";"A";"65.73";"A";"65.73";"A";"65.74";"A";"65.74";"A";"65.73";"A";"65.72";"A";"65.73";"A";"65.73";"A"
"2002-06";"81.63";"A";"81.65";"A";"69.73";"A";"69.73";"A";"69.74";"A";"69.72";"A";"69.72";"A";"69.71";"A";"69.73";"A";"69.73";"A";"69.72";"A";"69.71";"A";"69.72";"A";"69.72";"A"
"2002-05";"80.51";"A";"80.54";"A";"68.78";"A";"68.78";"A";"68.79";"A";"68.77";"A";"68.77";"A";"68.76";"A";"68.78";"A";"68.78";"A";"68.77";"A";"68.76";"A";"68.77";"A";"68.77";"A"
"2002-04";"77.97";"A";"77.99";"A";"66.61";"A";"66.61";"A";"66.61";"A";"66.6";"A";"66.6";"A";"66.59";"A";"66.61";"A";"66.6";"A";"66.6";"A";"66.59";"A";"66.6";"A";"66.6";"A"
"2002-03";"80.37";"A";"80.39";"A";"68.66";"A";"68.66";"A";"68.66";"A";"68.65";"A";"68.65";"A";"68.64";"A";"68.66";"A";"68.65";"A";"68.65";"A";"68.64";"A";"68.65";"A";"68.65";"A"
"2002-02";"78.86";"A";"78.88";"A";"67.37";"A";"67.37";"A";"67.37";"A";"67.36";"A";"67.35";"A";"67.35";"A";"67.36";"A";"67.36";"A";"67.36";"A";"67.35";"A";"67.36";"A";"67.36";"A"
"2002-01";"78.05";"A";"78.08";"A";"66.68";"A";"66.68";"A";"66.68";"A";"66.67";"A";"66.67";"A";"66.66";"A";"66.68";"A";"66.68";"A";"66.67";"A";"66.66";"A";"66.67";"A";"66.67";"A"
"2001-12";"78.16";"A";"78.18";"A";"66.77";"A";"66.77";"A";"66.77";"A";"66.76";"A";"66.76";"A";"66.75";"A";"66.77";"A";"66.76";"A";"66.76";"A";"66.75";"A";"66.76";"A";"66.76";"A"
"2001-11";"75.48";"A";"75.5";"A";"64.48";"A";"64.48";"A";"64.49";"A";"64.47";"A";"64.47";"A";"64.47";"A";"64.48";"A";"64.48";"A";"64.47";"A";"64.46";"A";"64.47";"A";"64.47";"A"
"2001-10";"75.52";"A";"75.55";"A";"64.52";"A";"64.52";"A";"64.52";"A";"64.51";"A";"64.51";"A";"64.5";"A";"64.52";"A";"64.51";"A";"64.51";"A";"64.5";"A";"64.51";"A";"64.51";"A"
"2001-09";"72.86";"A";"72.88";"A";"62.24";"A";"62.25";"A";"62.25";"A";"62.23";"A";"62.23";"A";"62.23";"A";"62.24";"A";"62.24";"A";"62.24";"A";"62.23";"A";"62.23";"A";"62.23";"A"
"2001-08";"78.57";"A";"78.59";"A";"67.12";"A";"67.12";"A";"67.13";"A";"67.11";"A";"67.11";"A";"67.1";"A";"67.12";"A";"67.12";"A";"67.11";"A";"67.1";"A";"67.11";"A";"67.11";"A"
"2001-07";"72.65";"A";"72.67";"A";"62.07";"A";"62.07";"A";"62.07";"A";"62.06";"A";"62.06";"A";"62.05";"A";"62.06";"A";"62.06";"A";"62.06";"A";"62.05";"A";"62.06";"A";"62.06";"A"
"2001-06";"70.71";"A";"70.73";"A";"60.41";"A";"60.41";"A";"60.41";"A";"60.4";"A";"60.4";"A";"60.39";"A";"60.4";"A";"60.4";"A";"60.4";"A";"60.39";"A";"60.4";"A";"60.4";"A"
"2001-05";"70.88";"A";"70.91";"A";"60.56";"A";"60.56";"A";"60.56";"A";"60.55";"A";"60.55";"A";"60.54";"A";"60.55";"A";"60.55";"A";"60.55";"A";"60.54";"A";"60.55";"A";"60.55";"A"
"2001-04";"71.83";"A";"71.85";"A";"61.36";"A";"61.36";"A";"61.36";"A";"61.35";"A";"61.35";"A";"61.35";"A";"61.36";"A";"61.36";"A";"61.35";"A";"61.34";"A";"61.35";"A";"61.35";"A"
"2001-03";"73.72";"A";"73.74";"A";"62.98";"A";"62.98";"A";"62.98";"A";"62.97";"A";"62.97";"A";"62.96";"A";"62.98";"A";"62.98";"A";"62.97";"A";"62.96";"A";"62.97";"A";"62.97";"A"
"2001-02";"75.52";"A";"75.54";"A";"64.51";"A";"64.51";"A";"64.52";"A";"64.5";"A";"64.5";"A";"64.5";"A";"64.51";"A";"64.51";"A";"64.5";"A";"64.49";"A";"64.5";"A";"64.5";"A"
"2001-01";"75.48";"A";"75.51";"A";"64.49";"A";"64.49";"A";"64.49";"A";"64.48";"A";"64.47";"A";"64.47";"A";"64.48";"A";"64.48";"A";"64.48";"A";"64.47";"A";"64.48";"A";"64.48";"A"
"2000-12";"75.6";"A";"75.62";"A";"64.58";"A";"64.59";"A";"64.59";"A";"64.57";"A";"64.57";"A";"64.57";"A";"64.58";"A";"64.58";"A";"64.58";"A";"64.56";"A";"64.57";"A";"64.57";"A"
"2000-11";"74.4";"A";"74.42";"A";"63.56";"A";"63.56";"A";"63.56";"A";"63.55";"A";"63.55";"A";"63.54";"A";"63.56";"A";"63.55";"A";"63.55";"A";"63.54";"A";"63.55";"A";"63.55";"A"
"2000-10";"75.99";"A";"76.01";"A";"64.91";"A";"64.92";"A";"64.92";"A";"64.9";"A";"64.9";"A";"64.9";"A";"64.91";"A";"64.91";"A";"64.91";"A";"64.9";"A";"64.9";"A";"64.9";"A"
"2000-09";"77.12";"A";"77.15";"A";"65.89";"A";"65.89";"A";"65.89";"A";"65.88";"A";"65.87";"A";"65.87";"A";"65.88";"A";"65.88";"A";"65.88";"A";"65.87";"A";"65.88";"A";"65.88";"A"
"2000-08";"84.87";"A";"84.9";"A";"72.5";"A";"72.51";"A";"72.51";"A";"72.49";"A";"72.49";"A";"72.49";"A";"72.5";"A";"72.5";"A";"72.5";"A";"72.48";"A";"72.49";"A";"72.49";"A"
"2000-07";"82.06";"A";"82.08";"A";"70.1";"A";"70.1";"A";"70.1";"A";"70.09";"A";"70.09";"A";"70.08";"A";"70.1";"A";"70.09";"A";"70.09";"A";"70.08";"A";"70.09";"A";"70.09";"A"
"2000-06";"77.41";"A";"77.43";"A";"66.13";"A";"66.13";"A";"66.13";"A";"66.12";"A";"66.12";"A";"66.11";"A";"66.13";"A";"66.13";"A";"66.12";"A";"66.11";"A";"66.12";"A";"66.12";"A"
"2000-05";"80.75";"A";"80.78";"A";"68.99";"A";"68.99";"A";"68.99";"A";"68.98";"A";"68.97";"A";"68.97";"A";"68.98";"A";"68.98";"A";"68.98";"A";"68.97";"A";"68.97";"A";"68.98";"A"
"2000-04";"79.86";"A";"79.88";"A";"68.22";"A";"68.22";"A";"68.23";"A";"68.21";"A";"68.21";"A";"68.2";"A";"68.22";"A";"68.22";"A";"68.21";"A";"68.2";"A";"68.21";"A";"68.21";"A"
"2000-03";"80.86";"A";"80.88";"A";"69.08";"A";"69.08";"A";"69.08";"A";"69.07";"A";"69.06";"A";"69.06";"A";"69.07";"A";"69.07";"A";"69.07";"A";"69.06";"A";"69.07";"A";"69.07";"A"
"2000-02";"80.55";"A";"80.57";"A";"68.81";"A";"68.81";"A";"68.81";"A";"68.8";"A";"68.8";"A";"68.79";"A";"68.81";"A";"68.81";"A";"68.8";"A";"68.79";"A";"68.8";"A";"68.8";"A"
"2000-01";"79.96";"A";"79.99";"A";"68.31";"A";"68.31";"A";"68.31";"A";"68.3";"A";"68.3";"A";"68.29";"A";"68.31";"A";"68.31";"A";"68.3";"A";"68.29";"A";"68.3";"A";"68.3";"A"
"1999-12";"77.06";"A";"77.08";"A";"65.83";"A";"65.83";"A";"65.84";"A";"65.82";"A";"65.82";"A";"65.82";"A";"65.83";"A";"65.83";"A";"65.82";"A";"65.81";"A";"65.82";"A";"65.82";"A"
"1999-11";"79.17";"A";"79.19";"A";"67.63";"A";"67.63";"A";"67.64";"A";"67.62";"A";"67.62";"A";"67.62";"A";"67.63";"A";"67.63";"A";"67.62";"A";"67.61";"A";"67.62";"A";"67.62";"A"
"1999-10";"81.0";"A";"81.03";"A";"69.2";"A";"69.2";"A";"69.21";"A";"69.19";"A";"69.19";"A";"69.18";"A";"69.2";"A";"69.2";"A";"69.19";"A";"69.18";"A";"69.19";"A";"69.19";"A"
"1999-09";"77.27";"A";"77.3";"A";"66.02";"A";"66.02";"A";"66.02";"A";"66.0";"A";"66.0";"A";"66.0";"A";"66.01";"A";"66.01";"A";"66.01";"A";"66.0";"A";"66.0";"A";"66.01";"A"
"1999-08";"77.0";"A";"77.03";"A";"65.78";"A";"65.79";"A";"65.79";"A";"65.77";"A";"65.77";"A";"65.77";"A";"65.78";"A";"65.78";"A";"65.78";"A";"65.77";"A";"65.77";"A";"65.77";"A"
"1999-07";"75.92";"A";"75.94";"A";"64.86";"A";"64.86";"A";"64.86";"A";"64.85";"A";"64.84";"A";"64.84";"A";"64.85";"A";"64.85";"A";"64.85";"A";"64.84";"A";"64.85";"A";"64.85";"A"
"1999-06";"76.13";"A";"76.15";"A";"65.04";"A";"65.04";"A";"65.04";"A";"65.03";"A";"65.03";"A";"65.02";"A";"65.04";"A";"65.03";"A";"65.03";"A";"65.02";"A";"65.03";"A";"65.03";"A"
"1999-05";"79.05";"A";"79.07";"A";"67.53";"A";"67.53";"A";"67.53";"A";"67.52";"A";"67.52";"A";"67.51";"A";"67.53";"A";"67.52";"A";"67.52";"A";"67.51";"A";"67.52";"A";"67.52";"A"
"1999-04";"82.17";"A";"82.2";"A";"70.2";"A";"70.2";"A";"70.2";"A";"70.19";"A";"70.19";"A";"70.18";"A";"70.2";"A";"70.2";"A";"70.19";"A";"70.18";"A";"70.19";"A";"70.19";"A"
"1999-03";"80.06";"A";"80.08";"A";"68.39";"A";"68.39";"A";"68.4";"A";"68.38";"A";"68.38";"A";"68.38";"A";"68.39";"A";"68.39";"A";"68.38";"A";"68.37";"A";"68.38";"A";"68.38";"A"
"1999-02";"81.02";"A";"81.05";"A";"69.22";"A";"69.22";"A";"69.22";"A";"69.21";"A";"69.21";"A";"69.2";"A";"69.22";"A";"69.21";"A";"69.21";"A";"69.2";"A";"69.21";"A";"69.21";"A"
"1999-01";"82.71";"A";"82.74";"A";"70.66";"A";"70.66";"A";"70.66";"A";"70.65";"A";"70.65";"A";"70.64";"A";"70.66";"A";"70.65";"A";"70.65";"A";"70.64";"A";"70.65";"A";"70.65";"A"
"1998-12";"87.99";"A";"88.02";"A";"75.17";"A";"75.17";"A";"75.17";"A";"75.16";"A";"75.15";"A";"75.15";"A";"75.17";"A";"75.16";"A";"75.16";"A";"75.15";"A";"75.16";"A";"75.16";"A"
"1998-11";"87.34";"A";"87.37";"A";"74.62";"A";"74.62";"A";"74.62";"A";"74.6";"A";"74.6";"A";"74.6";"A";"74.61";"A";"74.61";"A";"74.61";"A";"74.59";"A";"74.6";"A";"74.6";"A"
"1998-10";"88.34";"A";"88.37";"A";"75.47";"A";"75.47";"A";"75.47";"A";"75.46";"A";"75.46";"A";"75.45";"A";"75.47";"A";"75.46";"A";"75.46";"A";"75.45";"A";"75.46";"A";"75.46";"A"
"1998-09";"86.99";"A";"87.02";"A";"74.32";"A";"74.32";"A";"74.32";"A";"74.3";"A";"74.3";"A";"74.3";"A";"74.31";"A";"74.31";"A";"74.31";"A";"74.29";"A";"74.3";"A";"74.31";"A"
"1998-08";"87.33";"A";"87.36";"A";"74.61";"A";"74.61";"A";"74.61";"A";"74.6";"A";"74.59";"A";"74.59";"A";"74.6";"A";"74.6";"A";"74.6";"A";"74.59";"A";"74.59";"A";"74.6";"A"
"1998-07";"86.44";"A";"86.46";"A";"73.84";"A";"73.84";"A";"73.85";"A";"73.83";"A";"73.83";"A";"73.82";"A";"73.84";"A";"73.84";"A";"73.83";"A";"73.82";"A";"73.83";"A";"73.83";"A"
"1998-06";"91.4";"A";"91.42";"A";"78.08";"A";"78.08";"A";"78.08";"A";"78.07";"A";"78.07";"A";"78.06";"A";"78.08";"A";"78.07";"A";"78.07";"A";"78.06";"A";"78.07";"A";"78.07";"A"
"1998-05";"91.42";"A";"91.45";"A";"78.1";"A";"78.1";"A";"78.11";"A";"78.09";"A";"78.09";"A";"78.08";"A";"78.1";"A";"78.1";"A";"78.09";"A";"78.08";"A";"78.09";"A";"78.09";"A"
"1998-04";"91.17";"A";"91.2";"A";"77.88";"A";"77.89";"A";"77.89";"A";"77.87";"A";"77.87";"A";"77.86";"A";"77.88";"A";"77.88";"A";"77.88";"A";"77.86";"A";"77.87";"A";"77.87";"A"
"1998-03";"89.71";"A";"89.74";"A";"76.64";"A";"76.64";"A";"76.64";"A";"76.63";"A";"76.63";"A";"76.62";"A";"76.64";"A";"76.63";"A";"76.63";"A";"76.62";"A";"76.63";"A";"76.63";"A"
"1998-02";"90.64";"A";"90.67";"A";"77.44";"A";"77.44";"A";"77.44";"A";"77.42";"A";"77.42";"A";"77.42";"A";"77.43";"A";"77.43";"A";"77.43";"A";"77.41";"A";"77.42";"A";"77.42";"A"
"1998-01";"90.31";"A";"90.34";"A";"77.15";"A";"77.15";"A";"77.15";"A";"77.14";"A";"77.14";"A";"77.13";"A";"77.15";"A";"77.14";"A";"77.14";"A";"77.13";"A";"77.14";"A";"77.14";"A"
"1997-12";"90.72";"A";"90.75";"A";"77.5";"A";"77.5";"A";"77.51";"A";"77.49";"A";"77.49";"A";"77.48";"A";"77.5";"A";"77.5";"A";"77.49";"A";"77.48";"A";"77.49";"A";"77.49";"A"
"1997-11";"91.5";"A";"91.53";"A";"78.17";"A";"78.17";"A";"78.18";"A";"78.16";"A";"78.16";"A";"78.15";"A";"78.17";"A";"78.17";"A";"78.16";"A";"78.15";"A";"78.16";"A";"78.16";"A"
"1997-10";"92.74";"A";"92.77";"A";"79.22";"A";"79.23";"A";"79.23";"A";"79.21";"A";"79.21";"A";"79.2";"A";"79.22";"A";"79.22";"A";"79.22";"A";"79.2";"A";"79.21";"A";"79.21";"A"
"1997-09";"95.15";"A";"95.18";"A";"81.28";"A";"81.29";"A";"81.29";"A";"81.27";"A";"81.27";"A";"81.26";"A";"81.28";"A";"81.28";"A";"81.28";"A";"81.26";"A";"81.27";"A";"81.27";"A"
"1997-08";"97.39";"A";"97.42";"A";"83.2";"A";"83.21";"A";"83.21";"A";"83.19";"A";"83.19";"A";"83.18";"A";"83.2";"A";"83.2";"A";"83.19";"A";"83.18";"A";"83.19";"A";"83.19";"A"
"1997-07";"94.93";"A";"94.96";"A";"81.1";"A";"81.1";"A";"81.1";"A";"81.08";"A";"81.08";"A";"81.08";"A";"81.09";"A";"81.09";"A";"81.09";"A";"81.07";"A";"81.08";"A";"81.08";"A"
"1997-06";"93.98";"A";"94.01";"A";"80.29";"A";"80.29";"A";"80.29";"A";"80.28";"A";"80.27";"A";"80.27";"A";"80.29";"A";"80.28";"A";"80.28";"A";"80.26";"A";"80.27";"A";"80.28";"A"
"1997-05";"94.25";"A";"94.28";"A";"80.52";"A";"80.52";"A";"80.53";"A";"80.51";"A";"80.51";"A";"80.5";"A";"80.52";"A";"80.52";"A";"80.51";"A";"80.5";"A";"80.51";"A";"80.51";"A"
"1997-04";"91.97";"A";"92.0";"A";"78.57";"A";"78.57";"A";"78.58";"A";"78.56";"A";"78.56";"A";"78.55";"A";"78.57";"A";"78.57";"A";"78.56";"A";"78.55";"A";"78.56";"A";"78.56";"A"
"1997-03";"94.61";"A";"94.64";"A";"80.82";"A";"80.83";"A";"80.83";"A";"80.81";"A";"80.81";"A";"80.8";"A";"80.82";"A";"80.82";"A";"80.82";"A";"80.8";"A";"80.81";"A";"80.81";"A"
"1997-02";"92.9";"A";"92.93";"A";"79.36";"A";"79.37";"A";"79.37";"A";"79.35";"A";"79.35";"A";"79.34";"A";"79.36";"A";"79.36";"A";"79.35";"A";"79.34";"A";"79.35";"A";"79.35";"A"
"1997-01";"92.59";"A";"92.62";"A";"79.1";"A";"79.1";"A";"79.1";"A";"79.09";"A";"79.08";"A";"79.08";"A";"79.1";"A";"79.09";"A";"79.09";"A";"79.08";"A";"79.09";"A";"79.09";"A"
"1996-12";"96.51";"A";"96.54";"A";"82.45";"A";"82.45";"A";"82.45";"A";"82.44";"A";"82.44";"A";"82.43";"A";"82.45";"A";"82.44";"A";"82.44";"A";"82.43";"A";"82.44";"A";"82.44";"A"
"1996-11";"98.73";"A";"98.76";"A";"84.34";"A";"84.34";"A";"84.35";"A";"84.33";"A";"84.33";"A";"84.32";"A";"84.34";"A";"84.34";"A";"84.33";"A";"84.32";"A";"84.33";"A";"84.33";"A"
"1996-10";"93.84";"A";"93.87";"A";"80.17";"A";"80.17";"A";"80.17";"A";"80.16";"A";"80.15";"A";"80.15";"A";"80.17";"A";"80.16";"A";"80.16";"A";"80.14";"A";"80.16";"A";"80.16";"A"
"1996-09";"96.47";"A";"96.5";"A";"82.41";"A";"82.41";"A";"82.42";"A";"82.4";"A";"82.4";"A";"82.39";"A";"82.41";"A";"82.41";"A";"82.4";"A";"82.39";"A";"82.4";"A";"82.4";"A"
"1996-08";"92.1";"A";"92.12";"A";"78.68";"A";"78.68";"A";"78.68";"A";"78.66";"A";"78.66";"A";"78.66";"A";"78.67";"A";"78.67";"A";"78.67";"A";"78.65";"A";"78.66";"A";"78.67";"A"
"1996-07";"104.49";"A";"104.52";"A";"89.27";"A";"89.27";"A";"89.27";"A";"89.25";"A";"89.25";"A";"89.24";"A";"89.26";"A";"89.26";"A";"89.26";"A";"89.24";"A";"89.25";"A";"89.25";"A"
"1996-06";"99.62";"A";"99.65";"A";"85.11";"A";"85.11";"A";"85.11";"A";"85.09";"A";"85.09";"A";"85.09";"A";"85.1";"A";"85.1";"A";"85.1";"A";"85.08";"A";"85.09";"A";"85.09";"A"
"1996-05";"97.0";"A";"97.03";"A";"82.86";"A";"82.87";"A";"82.87";"A";"82.85";"A";"82.85";"A";"82.84";"A";"82.86";"A";"82.86";"A";"82.85";"A";"82.84";"A";"82.85";"A";"82.85";"A"
"1996-04";"98.55";"A";"98.58";"A";"84.19";"A";"84.19";"A";"84.19";"A";"84.17";"A";"84.17";"A";"84.17";"A";"84.18";"A";"84.18";"A";"84.18";"A";"84.16";"A";"84.17";"A";"84.17";"A"
"1996-03";"100.52";"A";"100.55";"A";"85.87";"A";"85.87";"A";"85.88";"A";"85.86";"A";"85.86";"A";"85.85";"A";"85.87";"A";"85.87";"A";"85.86";"A";"85.85";"A";"85.86";"A";"85.86";"A"
"1996-02";"100.9";"A";"100.93";"A";"86.2";"A";"86.2";"A";"86.21";"A";"86.19";"A";"86.19";"A";"86.18";"A";"86.2";"A";"86.2";"A";"86.19";"A";"86.18";"A";"86.19";"A";"86.19";"A"
"1996-01";"102.49";"A";"102.52";"A";"87.56";"A";"87.56";"A";"87.56";"A";"87.54";"A";"87.54";"A";"87.54";"A";"87.55";"A";"87.55";"A";"87.55";"A";"87.53";"A";"87.54";"A";"87.54";"A"
"1995-12";"98.28";"A";"98.31";"A";"83.96";"A";"83.96";"A";"83.96";"A";"83.94";"A";"83.94";"A";"83.94";"A";"83.95";"A";"83.95";"A";"83.95";"A";"83.93";"A";"83.94";"A";"83.94";"A"
"1995-11";"97.23";"A";"97.26";"A";"83.07";"A";"83.07";"A";"83.07";"A";"83.05";"A";"83.05";"A";"83.04";"A";"83.06";"A";"83.06";"A";"83.06";"A";"83.04";"A";"83.05";"A";"83.05";"A"
"1995-10";"101.62";"A";"101.65";"A";"86.81";"A";"86.81";"A";"86.81";"A";"86.8";"A";"86.79";"A";"86.79";"A";"86.81";"A";"86.8";"A";"86.8";"A";"86.78";"A";"86.8";"A";"86.8";"A"
"1995-09";"102.36";"A";"102.4";"A";"87.45";"A";"87.45";"A";"87.45";"A";"87.44";"A";"87.43";"A";"87.43";"A";"87.45";"A";"87.44";"A";"87.44";"A";"87.42";"A";"87.43";"A";"87.44";"A"
"1995-08";"93.26";"A";"93.29";"A";"79.67";"A";"79.67";"A";"79.67";"A";"79.66";"A";"79.66";"A";"79.65";"A";"79.67";"A";"79.66";"A";"79.66";"A";"79.65";"A";"79.66";"A";"79.66";"A"
"1995-07";"113.39";"A";"113.42";"A";"96.87";"A";"96.87";"A";"96.87";"A";"96.85";"A";"96.85";"A";"96.84";"A";"96.86";"A";"96.86";"A";"96.86";"A";"96.84";"A";"96.85";"A";"96.85";"A"
"1995-06";"102.64";"A";"102.67";"A";"87.68";"A";"87.68";"A";"87.69";"A";"87.67";"A";"87.67";"A";"87.66";"A";"87.68";"A";"87.68";"A";"87.67";"A";"87.66";"A";"87.67";"A";"87.67";"A"
"1995-05";"101.13";"A";"101.16";"A";"86.39";"A";"86.4";"A";"86.4";"A";"86.38";"A";"86.38";"A";"86.37";"A";"86.39";"A";"86.39";"A";"86.38";"A";"86.37";"A";"86.38";"A";"86.38";"A"
"1995-04";"105.07";"A";"105.1";"A";"89.76";"A";"89.76";"A";"89.77";"A";"89.75";"A";"89.74";"A";"89.74";"A";"89.76";"A";"89.75";"A";"89.75";"A";"89.73";"A";"89.74";"A";"89.75";"A"
"1995-03";"103.27";"A";"103.3";"A";"88.22";"A";"88.22";"A";"88.23";"A";"88.21";"A";"88.21";"A";"88.2";"A";"88.22";"A";"88.21";"A";"88.21";"A";"88.19";"A";"88.21";"A";"88.21";"A"
"1995-02";"102.72";"A";"102.76";"A";"87.76";"A";"87.76";"A";"87.76";"A";"87.74";"A";"87.74";"A";"87.73";"A";"87.75";"A";"87.75";"A";"87.75";"A";"87.73";"A";"87.74";"A";"87.74";"A"
"1995-01";"101.77";"A";"101.81";"A";"86.95";"A";"86.95";"A";"86.95";"A";"86.93";"A";"86.93";"A";"86.92";"A";"86.94";"A";"86.94";"A";"86.94";"A";"86.92";"A";"86.93";"A";"86.93";"A"
"1994-12";"86.64";"A";"86.67";"A";"74.02";"A";"74.02";"A";"74.02";"A";"74.0";"A";"74.0";"A";"74.0";"A";"74.01";"A";"74.01";"A";"74.01";"A";"73.99";"A";"74.0";"A";"74.0";"A"
"1994-11";"86.23";"A";"86.26";"A";"73.66";"A";"73.67";"A";"73.67";"A";"73.65";"A";"73.65";"A";"73.65";"A";"73.66";"A";"73.66";"A";"73.66";"A";"73.64";"A";"73.65";"A";"73.65";"A"
"1994-10";"85.05";"A";"85.08";"A";"72.66";"A";"72.66";"A";"72.66";"A";"72.65";"A";"72.65";"A";"72.64";"A";"72.66";"A";"72.65";"A";"72.65";"A";"72.64";"A";"72.65";"A";"72.65";"A"
"1994-09";"79.39";"A";"79.41";"A";"67.82";"A";"67.82";"A";"67.82";"A";"67.81";"A";"67.81";"A";"67.8";"A";"67.82";"A";"67.81";"A";"67.81";"A";"67.8";"A";"67.81";"A";"67.81";"A"
"1994-08";"90.67";"A";"90.7";"A";"77.46";"A";"77.46";"A";"77.46";"A";"77.44";"A";"77.44";"A";"77.44";"A";"77.45";"A";"77.45";"A";"77.45";"A";"77.43";"A";"77.44";"A";"77.45";"A"
"1994-07";"83.05";"A";"83.08";"A";"70.95";"A";"70.96";"A";"70.96";"A";"70.94";"A";"70.94";"A";"70.94";"A";"70.95";"A";"70.95";"A";"70.94";"A";"70.93";"A";"70.94";"A";"70.94";"A"
"1994-06";"84.46";"A";"84.49";"A";"72.15";"A";"72.15";"A";"72.16";"A";"72.14";"A";"72.14";"A";"72.13";"A";"72.15";"A";"72.15";"A";"72.14";"A";"72.13";"A";"72.14";"A";"72.14";"A"
"1994-05";"85.44";"A";"85.46";"A";"72.99";"A";"72.99";"A";"72.99";"A";"72.98";"A";"72.97";"A";"72.97";"A";"72.98";"A";"72.98";"A";"72.98";"A";"72.97";"A";"72.97";"A";"72.98";"A"
"1994-04";"85.36";"A";"85.39";"A";"72.92";"A";"72.93";"A";"72.93";"A";"72.91";"A";"72.91";"A";"72.91";"A";"72.92";"A";"72.92";"A";"72.92";"A";"72.9";"A";"72.91";"A";"72.91";"A"
"1994-03";"77.08";"A";"77.1";"A";"65.85";"A";"65.85";"A";"65.85";"A";"65.83";"A";"65.83";"A";"65.83";"A";"65.84";"A";"65.84";"A";"65.84";"A";"65.83";"A";"65.83";"A";"65.84";"A"
"1994-02";"82.94";"A";"82.97";"A";"70.86";"A";"70.86";"A";"70.86";"A";"70.85";"A";"70.84";"A";"70.84";"A";"70.85";"A";"70.85";"A";"70.85";"A";"70.84";"A";"70.85";"A";"70.85";"A"
"1994-01";"85.19";"A";"85.21";"A";"72.77";"A";"72.78";"A";"72.78";"A";"72.76";"A";"72.76";"A";"72.76";"A";"72.77";"A";"72.77";"A";"72.76";"A";"72.75";"A";"72.76";"A";"72.76";"A"
"1993-12";"98.24";"A";"98.27";"A";"83.92";"A";"83.93";"A";"83.93";"A";"83.91";"A";"83.91";"A";"83.9";"A";"83.92";"A";"83.92";"A";"83.91";"A";"83.9";"A";"83.91";"A";"83.91";"A"
"1993-11";"100.06";"A";"100.1";"A";"85.48";"A";"85.49";"A";"85.49";"A";"85.47";"A";"85.47";"A";"85.46";"A";"85.48";"A";"85.48";"A";"85.47";"A";"85.46";"A";"85.47";"A";"85.47";"A"
"1993-10";"103.59";"A";"103.62";"A";"88.49";"A";"88.5";"A";"88.5";"A";"88.48";"A";"88.48";"A";"88.47";"A";"88.49";"A";"88.49";"A";"88.48";"A";"88.47";"A";"88.48";"A";"88.48";"A"
"1993-09";"105.36";"A";"105.39";"A";"90.01";"A";"90.01";"A";"90.01";"A";"89.99";"A";"89.99";"A";"89.98";"A";"90.0";"A";"90.0";"A";"90.0";"A";"89.98";"A";"89.99";"A";"89.99";"A"
"1993-08";"127.49";"A";"127.53";"A";"108.92";"A";"108.92";"A";"108.92";"A";"108.9";"A";"108.9";"A";"108.89";"A";"108.91";"A";"108.91";"A";"108.9";"A";"108.89";"A";"108.9";"A";"108.9";"A"
"1993-07";"108.6";"A";"108.63";"A";"92.77";"A";"92.78";"A";"92.78";"A";"92.76";"A";"92.76";"A";"92.75";"A";"92.77";"A";"92.77";"A";"92.76";"A";"92.75";"A";"92.76";"A";"92.76";"A"
"1993-06";"107.23";"A";"107.26";"A";"91.6";"A";"91.6";"A";"91.61";"A";"91.59";"A";"91.59";"A";"91.58";"A";"91.6";"A";"91.6";"A";"91.59";"A";"91.58";"A";"91.59";"A";"91.59";"A"
"1993-05";"115.37";"A";"115.41";"A";"98.56";"A";"98.56";"A";"98.57";"A";"98.55";"A";"98.54";"A";"98.54";"A";"98.56";"A";"98.56";"A";"98.55";"A";"98.53";"A";"98.55";"A";"98.55";"A"
"1993-04";"112.67";"A";"112.71";"A";"96.26";"A";"96.26";"A";"96.26";"A";"96.24";"A";"96.24";"A";"96.23";"A";"96.25";"A";"96.25";"A";"96.24";"A";"96.23";"A";"96.24";"A";"96.24";"A"
"1993-03";"111.98";"A";"112.01";"A";"95.66";"A";"95.67";"A";"95.67";"A";"95.65";"A";"95.65";"A";"95.64";"A";"95.66";"A";"95.66";"A";"95.65";"A";"95.63";"A";"95.65";"A";"95.65";"A"
"1993-02";"114.32";"A";"114.35";"A";"97.66";"A";"97.66";"A";"97.67";"A";"97.65";"A";"97.64";"A";"97.64";"A";"97.66";"A";"97.65";"A";"97.65";"A";"97.63";"A";"97.64";"A";"97.65";"A"
"1993-01";"116.51";"A";"116.54";"A";"99.53";"A";"99.53";"A";"99.54";"A";"99.51";"A";"99.51";"A";"99.5";"A";"99.53";"A";"99.52";"A";"99.52";"A";"99.5";"A";"99.51";"A";"99.51";"A"
"1992-12";"118.3";"A";"118.34";"A";"101.07";"A";"101.07";"A";"101.07";"A";"101.05";"A";"101.05";"A";"101.04";"A";"101.06";"A";"101.06";"A";"101.05";"A";"101.04";"A";"101.05";"A";"101.05";"A"
"1992-11";"117.39";"A";"117.43";"A";"100.29";"A";"100.29";"A";"100.29";"A";"100.27";"A";"100.27";"A";"100.26";"A";"100.28";"A";"100.28";"A";"100.27";"A";"100.26";"A";"100.27";"A";"100.27";"A"
"1992-10";"118.13";"A";"118.17";"A";"100.92";"A";"100.92";"A";"100.93";"A";"100.9";"A";"100.9";"A";"100.89";"A";"100.92";"A";"100.91";"A";"100.91";"A";"100.89";"A";"100.9";"A";"100.9";"A"
"1992-09";"111.76";"A";"111.8";"A";"95.48";"A";"95.48";"A";"95.48";"A";"95.46";"A";"95.46";"A";"95.45";"A";"95.47";"A";"95.47";"A";"95.47";"A";"95.45";"A";"95.46";"A";"95.46";"A"
"1992-08";"115.59";"A";"115.63";"A";"98.75";"A";"98.75";"A";"98.75";"A";"98.73";"A";"98.73";"A";"98.72";"A";"98.75";"A";"98.74";"A";"98.74";"A";"98.72";"A";"98.73";"A";"98.73";"A"
"1992-07";"120.08";"A";"120.11";"A";"102.58";"A";"102.58";"A";"102.59";"A";"102.56";"A";"102.56";"A";"102.55";"A";"102.58";"A";"102.57";"A";"102.57";"A";"102.55";"A";"102.56";"A";"102.57";"A"
"1992-06";"117.14";"A";"117.17";"A";"100.07";"A";"100.07";"A";"100.07";"A";"100.05";"A";"100.05";"A";"100.04";"A";"100.07";"A";"100.06";"A";"100.06";"A";"100.04";"A";"100.05";"A";"100.05";"A"
"1992-05";"121.72";"A";"121.76";"A";"103.99";"A";"103.99";"A";"103.99";"A";"103.97";"A";"103.97";"A";"103.96";"A";"103.98";"A";"103.98";"A";"103.97";"A";"103.96";"A";"103.97";"A";"103.97";"A"
"1992-04";"120.01";"A";"120.05";"A";"102.53";"A";"102.53";"A";"102.53";"A";"102.51";"A";"102.51";"A";"102.5";"A";"102.52";"A";"102.52";"A";"102.51";"A";"102.5";"A";"102.51";"A";"102.51";"A"
"1992-03";"127.74";"A";"127.78";"A";"109.13";"A";"109.13";"A";"109.13";"A";"109.11";"A";"109.11";"A";"109.1";"A";"109.12";"A";"109.12";"A";"109.12";"A";"109.1";"A";"109.11";"A";"109.11";"A"
"1992-02";"124.75";"A";"124.79";"A";"106.57";"A";"106.58";"A";"106.58";"A";"106.56";"A";"106.56";"A";"106.55";"A";"106.57";"A";"106.57";"A";"106.56";"A";"106.54";"A";"106.56";"A";"106.56";"A"
"1992-01";"119.83";"A";"119.87";"A";"102.37";"A";"102.38";"A";"102.38";"A";"102.36";"A";"102.35";"A";"102.35";"A";"102.37";"A";"102.37";"A";"102.36";"A";"102.34";"A";"102.36";"A";"102.36";"A"
"1991-12";"124.11";"A";"124.15";"A";"106.03";"A";"106.03";"A";"106.03";"A";"106.01";"A";"106.01";"A";"106.0";"A";"106.02";"A";"106.02";"A";"106.01";"A";"105.99";"A";"106.01";"A";"106.01";"A"
"1991-11";"123.49";"A";"123.53";"A";"105.5";"A";"105.5";"A";"105.5";"A";"105.48";"A";"105.48";"A";"105.47";"A";"105.49";"A";"105.49";"A";"105.48";"A";"105.47";"A";"105.48";"A";"105.48";"A"
"1991-10";"116.21";"A";"116.25";"A";"99.28";"A";"99.28";"A";"99.29";"A";"99.27";"A";"99.26";"A";"99.26";"A";"99.28";"A";"99.27";"A";"99.27";"A";"99.25";"A";"99.27";"A";"99.27";"A"
"1991-09";"120.19";"A";"120.23";"A";"102.68";"A";"102.68";"A";"102.68";"A";"102.66";"A";"102.66";"A";"102.65";"A";"102.67";"A";"102.67";"A";"102.66";"A";"102.65";"A";"102.66";"A";"102.66";"A"
"1991-08";"104.39";"A";"104.42";"A";"89.18";"A";"89.18";"A";"89.18";"A";"89.16";"A";"89.16";"A";"89.15";"A";"89.17";"A";"89.17";"A";"89.17";"A";"89.15";"A";"89.16";"A";"89.16";"A"
"1991-07";"116.02";"A";"116.06";"A";"99.12";"A";"99.12";"A";"99.12";"A";"99.1";"A";"99.1";"A";"99.09";"A";"99.11";"A";"99.11";"A";"99.1";"A";"99.09";"A";"99.1";"A";"99.1";"A"
"1991-06";"113.7";"A";"113.73";"A";"97.13";"A";"97.13";"A";"97.14";"A";"97.12";"A";"97.11";"A";"97.11";"A";"97.13";"A";"97.12";"A";"97.12";"A";"97.1";"A";"97.11";"A";"97.12";"A"
"1991-05";"104.27";"A";"104.31";"A";"89.08";"A";"89.08";"A";"89.09";"A";"89.07";"A";"89.07";"A";"89.06";"A";"89.08";"A";"89.08";"A";"89.07";"A";"89.06";"A";"89.07";"A";"89.07";"A"
"1991-04";"103.55";"A";"103.58";"A";"88.46";"A";"88.46";"A";"88.46";"A";"88.44";"A";"88.44";"A";"88.44";"A";"88.46";"A";"88.45";"A";"88.45";"A";"88.43";"A";"88.44";"A";"88.45";"A"
"1991-03";"104.42";"A";"104.45";"A";"89.2";"A";"89.21";"A";"89.21";"A";"89.19";"A";"89.19";"A";"89.18";"A";"89.2";"A";"89.2";"A";"89.19";"A";"89.18";"A";"89.19";"A";"89.19";"A"
"1991-02";"104.32";"A";"104.35";"A";"89.12";"A";"89.12";"A";"89.13";"A";"89.11";"A";"89.11";"A";"89.1";"A";"89.12";"A";"89.12";"A";"89.11";"A";"89.1";"A";"89.11";"A";"89.11";"A"
"1991-01";"116.33";"A";"116.36";"A";"99.38";"A";"99.38";"A";"99.38";"A";"99.36";"A";"99.36";"A";"99.35";"A";"99.38";"A";"99.37";"A";"99.37";"A";"99.35";"A";"99.36";"A";"99.36";"A"
"1990-12";"149.49";"A";"149.54";"A";"127.71";"A";"127.71";"A";"127.72";"A";"127.69";"A";"127.69";"A";"127.68";"A";"127.7";"A";"127.7";"A";"127.69";"A";"127.67";"A";"127.69";"A";"127.69";"A"
"1990-11";"149.63";"A";"149.68";"A";"127.83";"A";"127.83";"A";"127.84";"A";"127.81";"A";"127.81";"A";"127.8";"A";"127.82";"A";"127.82";"A";"127.81";"A";"127.79";"A";"127.81";"A";"127.81";"A"
"1990-10";"155.24";"A";"155.29";"A";"132.62";"A";"132.63";"A";"132.63";"A";"132.6";"A";"132.6";"A";"132.59";"A";"132.62";"A";"132.61";"A";"132.61";"A";"132.58";"A";"132.6";"A";"132.6";"A"
"1990-09";"158.28";"A";"158.33";"A";"135.22";"A";"135.22";"A";"135.22";"A";"135.19";"A";"135.19";"A";"135.18";"A";"135.21";"A";"135.21";"A";"135.2";"A";"135.18";"A";"135.19";"A";"135.19";"A"
"1990-08";"152.03";"A";"152.07";"A";"129.88";"A";"129.88";"A";"129.88";"A";"129.86";"A";"129.85";"A";"129.84";"A";"129.87";"A";"129.87";"A";"129.86";"A";"129.84";"A";"129.85";"A";"129.86";"A"
"1990-07";"152.12";"A";"152.17";"A";"129.96";"A";"129.96";"A";"129.96";"A";"129.94";"A";"129.93";"A";"129.92";"A";"129.95";"A";"129.95";"A";"129.94";"A";"129.92";"A";"129.94";"A";"129.94";"A"
"1990-06";"157.4";"A";"157.45";"A";"134.46";"A";"134.47";"A";"134.47";"A";"134.44";"A";"134.44";"A";"134.43";"A";"134.46";"A";"134.46";"A";"134.45";"A";"134.43";"A";"134.44";"A";"134.44";"A"
"1990-05";"154.81";"A";"154.86";"A";"132.25";"A";"132.26";"A";"132.26";"A";"132.23";"A";"132.23";"A";"132.22";"A";"132.25";"A";"132.24";"A";"132.24";"A";"132.21";"A";"132.23";"A";"132.23";"A"
"1990-04";"161.43";"A";"161.48";"A";"137.91";"A";"137.91";"A";"137.91";"A";"137.88";"A";"137.88";"A";"137.87";"A";"137.9";"A";"137.9";"A";"137.89";"A";"137.87";"A";"137.88";"A";"137.88";"A"
"1990-03";"158.99";"A";"159.04";"A";"135.83";"A";"135.83";"A";"135.84";"A";"135.81";"A";"135.8";"A";"135.79";"A";"135.82";"A";"135.82";"A";"135.81";"A";"135.79";"A";"135.81";"A";"135.81";"A"
"1990-02";"161.11";"A";"161.17";"A";"137.64";"A";"137.64";"A";"137.65";"A";"137.62";"A";"137.62";"A";"137.6";"A";"137.64";"A";"137.63";"A";"137.62";"A";"137.6";"A";"137.62";"A";"137.62";"A"
"1990-01";"160.11";"A";"160.16";"A";"136.78";"A";"136.78";"A";"136.79";"A";"136.76";"A";"136.76";"A";"136.74";"A";"136.77";"A";"136.77";"A";"136.76";"A";"136.74";"A";"136.76";"A";"136.76";"A"
